credit_history,income,employment_status,collateral,assets_value,debt_to_income_ratio,payment_history,length_of_credit_history,number_of_credit_inquiries,number_of_credit_accounts,number_of_credit_accounts_opened_last_12_months,type_of_credit_accounts,current_balance_of_credit_accounts,total_credit_limit,total_credit_utilization,public_records_and_collections
Poor,79283,Employed,Other,22452,80,Poor,69,3,4,5,Mortgage,74143,56446,16,Bankruptcy
Good,98929,Unemployed,Land,65005,78,Excellent,94,4,1,5,Auto,41335,76351,89,Collection
Excellent,55310,Unemployed,Land,17276,41,Poor,88,0,2,3,Other,80611,34961,32,Tax Lien
Good,33204,Unemployed,None,58525,44,Fair,97,4,5,4,Personal,21831,58123,61,Collection
Excellent,54340,Employed,Investment,75409,69,Excellent,33,2,5,3,Other,10710,82806,64,None
Poor,38611,Unemployed,None,72784,11,Poor,68,5,3,2,Mortgage,40540,4208,34,Judgement
Fair,80327,Self-Employed,Land,70274,1,Good,50,1,2,1,Auto,4890,78276,65,Judgement
Excellent,33108,Employed,Car,29760,26,Good,96,1,4,5,Mortgage,36355,24973,29,Tax Lien
Excellent,23637,Unemployed,Land,71531,42,Excellent,51,3,2,5,Student,30946,77962,33,Judgement
Fair,41252,Unemployed,Land,88036,46,Poor,23,1,5,1,Personal,61188,19171,84,Bankruptcy
Poor,46470,Unemployed,Car,31120,60,Poor,78,4,2,4,Student,47865,83479,30,None
Excellent,56275,Employed,Car,25232,55,Fair,61,3,1,2,Student,5298,80475,81,Other
Good,22963,Unemployed,None,83947,66,Fair,76,3,3,2,Other,46413,15049,72,Other
Poor,56199,Self-Employed,Land,94910,36,Poor,46,5,1,2,Personal,89181,92060,6,Tax Lien
Excellent,34436,Unemployed,Car,45370,98,Excellent,53,3,1,3,Auto,53011,17793,59,Collection
Excellent,75218,Unemployed,House,43116,32,Poor,56,3,2,2,Personal,1895,22557,31,None
Excellent,85130,Self-Employed,Investment,30964,97,Poor,3,5,3,4,Student,47331,49088,5,None
Fair,94313,Self-Employed,Car,59025,25,Excellent,69,5,0,2,Student,81421,1229,33,None
Excellent,58599,Self-Employed,Land,11000,27,Fair,61,4,0,5,Student,90668,32389,27,Other
Poor,40507,Self-Employed,House,87843,19,Poor,76,4,4,4,Auto,3281,70864,91,Other
Poor,83919,Unemployed,Land,94812,25,Excellent,52,3,0,4,Student,83548,63790,34,Bankruptcy
Fair,92626,Employed,Car,33127,73,Excellent,96,1,3,4,Student,40680,95871,23,Tax Lien
Fair,85940,Unemployed,Other,84068,58,Poor,45,2,3,1,Other,99314,15053,40,Other
Good,54787,Employed,Investment,67799,60,Good,29,3,3,3,Auto,64719,92077,65,Judgement
Good,15926,Unemployed,Land,97420,72,Poor,91,3,5,3,Student,57033,18502,76,Bankruptcy
Poor,36410,Employed,Investment,95579,30,Fair,85,1,3,4,Other,22805,29780,83,Bankruptcy
Poor,78499,Unemployed,Land,78669,63,Poor,90,1,5,4,Student,6749,2352,7,Bankruptcy
Fair,93313,Unemployed,House,94928,25,Excellent,24,5,2,3,Mortgage,42108,30115,3,Collection
Poor,85360,Unemployed,Other,89970,58,Fair,52,5,0,3,Other,60208,86010,73,Other
Excellent,46991,Unemployed,Car,51342,44,Good,9,0,2,1,Auto,80200,547,95,Collection
Fair,15715,Self-Employed,Land,20622,66,Excellent,45,0,5,1,Auto,96188,83657,82,Judgement
Excellent,51754,Unemployed,Land,66045,52,Excellent,8,2,4,2,Mortgage,99137,73733,15,None
Poor,45852,Employed,Investment,68369,11,Good,91,5,3,1,Other,88570,25681,58,Other
Good,89849,Self-Employed,None,47206,56,Poor,52,2,0,4,Personal,11553,34165,43,Judgement
Poor,28491,Unemployed,Other,48442,28,Excellent,24,1,2,2,Mortgage,53851,77267,71,Bankruptcy
Poor,21681,Unemployed,House,79834,31,Good,90,3,2,5,Personal,9511,88024,55,Tax Lien
Poor,79880,Unemployed,Investment,81061,55,Good,40,3,2,1,Student,33489,45224,90,None
Fair,39555,Self-Employed,Land,45889,13,Poor,68,3,3,1,Student,47102,93416,50,Bankruptcy
Fair,16512,Self-Employed,Land,16641,72,Good,57,2,1,0,Auto,80295,75691,38,Judgement
Poor,45876,Employed,Car,81461,0,Good,24,5,1,3,Mortgage,82166,54447,36,Bankruptcy
Fair,85925,Self-Employed,House,64157,92,Poor,46,2,3,1,Auto,60356,60795,54,None
Fair,45573,Self-Employed,Investment,67453,54,Poor,83,2,2,3,Other,65115,57604,21,Tax Lien
Poor,56608,Unemployed,House,10219,15,Fair,0,5,3,5,Personal,53024,50043,37,Tax Lien
Excellent,38749,Unemployed,Investment,82705,100,Poor,6,1,5,4,Student,2346,17658,11,None
Poor,52420,Employed,None,63575,4,Good,17,0,1,4,Auto,9492,19259,42,None
Good,85086,Self-Employed,House,48368,62,Good,51,2,4,2,Other,28935,35302,38,Other
Poor,40178,Employed,None,61091,60,Fair,98,5,2,0,Mortgage,90136,68767,73,Bankruptcy
Poor,45741,Employed,None,76501,16,Good,14,0,3,2,Student,43177,44853,73,Collection
Fair,59772,Employed,Car,21678,87,Excellent,86,0,3,0,Personal,57082,45286,85,None
Poor,31917,Employed,Car,24499,47,Excellent,73,1,0,3,Student,19942,9403,62,None
Fair,47583,Employed,Investment,32287,6,Fair,100,0,1,2,Auto,69703,19350,28,None
Excellent,49931,Unemployed,Land,42119,34,Poor,37,2,4,1,Other,23672,73647,1,Tax Lien
Good,89903,Employed,House,40732,98,Good,85,1,1,0,Personal,68760,58903,1,None
Good,42287,Employed,Other,85970,97,Poor,49,3,2,4,Mortgage,60749,31841,33,Bankruptcy
Good,98230,Employed,House,99246,80,Excellent,31,2,2,1,Personal,59591,61644,49,Tax Lien
Poor,70165,Employed,Car,51813,93,Fair,89,4,3,0,Personal,74774,20369,33,Judgement
Fair,90567,Unemployed,House,62697,25,Poor,91,1,2,5,Personal,71990,52802,39,Bankruptcy
Excellent,18856,Unemployed,House,90140,24,Excellent,28,0,4,1,Auto,72534,89409,56,None
Poor,10127,Employed,Land,98203,52,Fair,96,0,0,1,Personal,61257,96348,70,Other
Good,51409,Employed,Land,71293,98,Poor,20,4,0,5,Personal,55118,32289,34,Judgement
Excellent,10663,Unemployed,House,83184,54,Fair,74,4,1,1,Auto,78907,19498,46,Bankruptcy
Excellent,49982,Unemployed,Other,25932,0,Good,42,0,4,3,Mortgage,51754,16127,4,Collection
Good,23234,Self-Employed,Other,83498,68,Excellent,81,4,3,4,Auto,73836,51106,46,Other
Good,72604,Unemployed,Land,97657,11,Good,81,0,4,3,Personal,53424,97471,42,Tax Lien
Good,78494,Self-Employed,Car,65920,44,Fair,36,2,2,3,Student,70418,82920,75,None
Excellent,72759,Unemployed,Car,48242,25,Good,98,0,4,0,Other,21055,81275,84,Other
Fair,48062,Self-Employed,Car,45728,60,Excellent,26,1,2,5,Student,20621,78683,55,Collection
Excellent,38949,Employed,None,37494,4,Excellent,83,0,2,4,Other,50984,30143,7,Tax Lien
Fair,62081,Self-Employed,House,51490,28,Fair,46,0,2,2,Other,2465,80160,19,Other
Good,79944,Unemployed,Land,41584,11,Poor,54,0,2,4,Auto,90873,80150,70,Tax Lien
Fair,19919,Unemployed,House,68376,67,Fair,64,5,2,2,Mortgage,92136,5769,75,Other
Fair,65664,Employed,House,50650,72,Poor,96,4,0,4,Student,99617,27653,78,Bankruptcy
Fair,62406,Self-Employed,Land,79681,90,Good,79,2,3,2,Mortgage,37327,33551,60,Other
Good,82620,Employed,House,32984,35,Fair,95,5,5,0,Student,80345,89113,42,None
Poor,81751,Employed,Investment,74579,49,Fair,97,1,0,3,Mortgage,38135,83155,57,Judgement
Good,24281,Unemployed,Car,35356,13,Excellent,87,5,3,4,Student,4848,26207,62,Bankruptcy
Poor,83172,Employed,Car,42409,12,Good,46,5,3,1,Auto,98378,79273,69,Tax Lien
Good,26432,Unemployed,None,45019,84,Fair,78,4,1,3,Auto,70137,30839,20,Judgement
Poor,68110,Self-Employed,Investment,22454,16,Poor,57,2,2,3,Personal,91310,72983,98,None
Fair,50870,Self-Employed,Investment,29263,44,Excellent,27,1,5,5,Auto,71409,31795,47,Collection
Excellent,28208,Employed,Car,13911,93,Poor,25,5,4,3,Other,98031,51061,23,Other
Fair,11362,Employed,Investment,69732,20,Excellent,60,3,5,1,Mortgage,6712,58143,2,None
Good,29698,Self-Employed,Other,38688,76,Poor,28,0,5,0,Other,69211,79925,29,Other
Poor,35955,Self-Employed,None,90212,43,Good,56,2,2,1,Student,12892,7798,91,Collection
Fair,15563,Employed,House,66608,39,Excellent,0,1,5,5,Student,99234,33488,55,Judgement
Excellent,64474,Unemployed,None,56116,42,Good,17,0,0,1,Personal,65155,62585,95,Tax Lien
Fair,15162,Employed,Other,49116,29,Poor,66,1,4,3,Student,55960,91513,72,Judgement
Fair,32969,Unemployed,House,57218,57,Good,8,0,4,4,Student,15156,1448,25,Other
Good,30670,Self-Employed,Car,18350,5,Poor,0,1,1,3,Student,17572,14178,85,Collection
Good,83016,Self-Employed,None,22002,28,Excellent,15,2,3,2,Student,63667,6395,12,None
Excellent,65845,Self-Employed,None,56045,88,Good,73,0,2,3,Mortgage,70687,45533,86,Tax Lien
Good,37398,Employed,Investment,94157,43,Excellent,97,0,5,2,Auto,85896,84271,13,Judgement
Excellent,83903,Self-Employed,House,16710,18,Fair,4,4,3,4,Personal,68419,45580,48,Collection
Fair,67209,Self-Employed,Investment,41091,70,Poor,60,3,3,3,Auto,39718,42419,54,Judgement
Poor,42231,Employed,None,91405,95,Fair,35,0,1,4,Personal,25061,25279,43,Other
Good,31394,Employed,Other,62948,60,Fair,55,5,1,1,Personal,93864,54304,63,Bankruptcy
Fair,13593,Self-Employed,House,92948,15,Good,94,4,4,2,Other,89485,33223,55,None
Poor,26683,Employed,Investment,39183,64,Good,66,3,3,3,Other,46641,57303,66,None
Good,33626,Self-Employed,None,80162,46,Fair,6,1,4,2,Personal,57201,95932,59,Collection
Fair,75305,Self-Employed,Other,96372,5,Fair,87,1,2,4,Student,34980,13613,89,Bankruptcy
Fair,17277,Employed,None,69498,16,Good,55,3,1,4,Personal,55430,99542,34,Tax Lien
Poor,49641,Unemployed,House,85039,38,Poor,51,1,3,5,Mortgage,53871,60839,21,Collection
Fair,34845,Unemployed,Other,68268,4,Excellent,11,0,1,0,Other,37125,38269,29,Other
Good,66338,Unemployed,Investment,19510,47,Poor,83,3,4,2,Personal,6492,96624,23,Judgement
Good,77063,Employed,Land,79456,64,Excellent,66,4,3,1,Student,44725,88690,21,None
Fair,13860,Self-Employed,House,41874,30,Fair,96,0,5,5,Mortgage,30521,25112,57,Judgement
Fair,45583,Employed,Land,16639,65,Good,51,4,0,2,Student,9239,43489,2,Judgement
Poor,82037,Unemployed,Investment,10802,18,Fair,67,3,4,3,Student,13376,69183,6,Other
Fair,74514,Unemployed,House,61403,6,Good,78,4,3,0,Personal,518,49103,58,Other
Excellent,13335,Employed,Land,23638,63,Good,7,4,5,1,Personal,89904,23714,54,Other
Excellent,78630,Unemployed,House,60287,86,Fair,99,5,2,4,Mortgage,39724,998,65,Tax Lien
Fair,34559,Self-Employed,Land,98163,25,Fair,17,3,0,0,Mortgage,29948,75070,82,None
Excellent,75607,Unemployed,Car,53270,99,Excellent,10,3,5,4,Auto,26494,82744,98,Judgement
Good,13495,Employed,Other,85527,64,Good,34,2,4,1,Auto,31473,6328,86,Bankruptcy
Poor,50248,Employed,Other,47244,41,Good,25,3,3,5,Student,40467,92204,26,Judgement
Fair,65837,Unemployed,House,72915,8,Fair,9,5,1,2,Mortgage,27056,95715,19,Collection
Good,40175,Employed,Other,22196,73,Poor,59,5,4,1,Mortgage,33507,46376,11,None
Excellent,48407,Employed,Car,67169,22,Fair,97,3,3,4,Mortgage,59680,93969,64,Judgement
Poor,27822,Employed,None,21370,41,Excellent,12,5,1,1,Auto,49148,18227,1,Collection
Poor,13316,Unemployed,House,15878,87,Good,71,0,2,5,Other,79550,64741,87,Tax Lien
Good,29854,Self-Employed,House,77792,25,Poor,62,1,3,3,Mortgage,31095,8306,11,Other
Good,99352,Unemployed,Investment,39184,16,Good,48,3,2,2,Personal,61174,38498,80,Judgement
Excellent,28958,Self-Employed,House,81848,39,Excellent,4,5,2,5,Other,6757,57063,21,Collection
Fair,69509,Unemployed,None,64886,31,Fair,65,0,0,3,Mortgage,38802,13973,64,Judgement
Poor,34656,Self-Employed,None,84158,27,Fair,2,1,5,0,Student,70666,21088,99,Collection
Excellent,67305,Employed,House,88856,78,Fair,6,3,4,5,Other,94860,31128,94,Bankruptcy
Excellent,34167,Employed,Investment,81945,14,Excellent,43,4,4,2,Mortgage,80960,46200,23,None
Good,14303,Employed,None,11715,42,Fair,16,0,1,0,Student,41688,98600,90,Bankruptcy
Fair,83307,Self-Employed,Investment,13160,43,Poor,40,4,2,0,Personal,32275,89473,3,Collection
Fair,84618,Employed,Land,27906,15,Poor,6,2,5,2,Auto,98625,80689,40,Judgement
Fair,26341,Employed,House,52695,49,Excellent,54,3,3,1,Auto,41731,725,80,Other
Poor,53216,Unemployed,None,31481,58,Good,85,5,0,0,Mortgage,94009,35269,3,Other
Poor,13725,Employed,House,55813,81,Excellent,80,3,0,0,Student,43870,46378,93,Other
Excellent,78523,Self-Employed,Other,72107,100,Good,34,0,2,1,Mortgage,10982,60147,45,Other
Fair,59713,Unemployed,Land,11197,44,Poor,30,3,3,1,Auto,44477,30077,41,Collection
Poor,26265,Self-Employed,House,97494,82,Fair,1,5,2,2,Student,29715,29935,39,Bankruptcy
Excellent,33773,Employed,House,51476,28,Fair,93,5,5,5,Student,41624,48268,93,Bankruptcy
Poor,19072,Unemployed,House,97753,23,Fair,27,5,2,2,Student,62753,49383,62,Judgement
Fair,95821,Unemployed,House,87278,67,Fair,91,5,2,1,Mortgage,242,93022,24,None
Fair,14706,Unemployed,House,74978,95,Fair,85,1,3,2,Other,64690,58804,69,Collection
Good,77823,Unemployed,Land,53960,51,Poor,62,3,4,0,Student,31038,74893,23,Judgement
Good,63004,Self-Employed,Other,66427,10,Good,79,2,2,1,Other,39646,3209,10,Tax Lien
Fair,21326,Employed,House,10773,29,Poor,34,2,5,2,Auto,48410,24856,32,None
Poor,78753,Unemployed,House,82208,59,Good,83,5,0,3,Auto,64291,88051,93,Tax Lien
Fair,18684,Employed,Land,95028,66,Poor,26,4,2,1,Personal,43584,37908,94,Judgement
Good,42303,Employed,Investment,33410,84,Poor,72,4,5,4,Personal,49480,51133,49,Tax Lien
Good,19518,Employed,House,85310,97,Good,14,0,4,0,Student,45074,2078,39,Tax Lien
Fair,93472,Employed,None,58600,40,Fair,76,1,1,5,Mortgage,92822,19791,0,Bankruptcy
Poor,19703,Self-Employed,Car,14069,87,Excellent,39,4,1,2,Mortgage,719,71247,64,Other
Excellent,90897,Unemployed,House,13175,7,Poor,44,3,4,5,Mortgage,29864,6739,83,Bankruptcy
Good,13846,Unemployed,Car,97849,58,Fair,22,4,3,0,Other,16896,63089,88,None
Poor,23229,Unemployed,Land,26250,48,Poor,99,0,1,1,Other,81141,94578,85,None
Poor,46914,Unemployed,Car,21051,17,Excellent,87,1,0,0,Other,4979,87852,21,Other
Excellent,95738,Self-Employed,Car,92896,72,Poor,49,3,1,2,Student,32979,38422,21,None
Excellent,76479,Self-Employed,None,38163,71,Excellent,13,1,2,2,Personal,92603,52765,80,Judgement
Excellent,49987,Unemployed,Land,43092,7,Fair,58,0,0,1,Mortgage,42779,68946,43,Tax Lien
Good,90710,Unemployed,Land,45150,71,Poor,99,0,3,3,Other,99342,85954,74,Tax Lien
Fair,45303,Unemployed,Land,83659,72,Poor,53,1,5,2,Personal,33601,59306,60,Judgement
Fair,16878,Unemployed,Investment,72331,69,Excellent,38,4,1,2,Personal,25185,97612,91,Other
Fair,77336,Employed,Car,40367,53,Fair,86,1,4,4,Other,78439,14677,8,Tax Lien
Excellent,73998,Self-Employed,House,61545,91,Fair,93,1,1,3,Other,80910,91820,0,None
Good,77259,Self-Employed,None,90069,17,Fair,20,0,2,5,Personal,29934,24418,89,Bankruptcy
Fair,10021,Unemployed,Other,75068,67,Good,69,0,5,3,Auto,35502,80269,16,None
Good,18530,Self-Employed,Investment,98483,72,Poor,37,3,1,5,Auto,57606,87582,36,Tax Lien
Poor,23245,Self-Employed,None,89938,73,Good,9,1,3,5,Mortgage,86563,47582,29,Collection
Fair,53892,Employed,House,61086,49,Good,32,2,0,2,Other,36886,66189,38,Bankruptcy
Good,16991,Self-Employed,House,32415,30,Excellent,21,2,2,0,Other,86683,54635,28,Tax Lien
Excellent,90329,Self-Employed,Other,76649,8,Excellent,81,2,5,2,Other,75495,11910,67,Bankruptcy
Poor,58236,Self-Employed,Investment,84226,19,Poor,64,2,3,2,Auto,549,43222,41,None
Excellent,89921,Employed,Other,53466,13,Fair,97,2,3,1,Student,14481,95229,32,Other
Excellent,79504,Employed,None,88862,83,Excellent,1,5,4,5,Mortgage,18363,29225,86,Judgement
Excellent,38226,Unemployed,Land,61299,59,Poor,70,4,4,1,Mortgage,50812,66594,76,Judgement
Poor,18518,Unemployed,Land,82725,46,Fair,5,2,2,1,Mortgage,70059,73799,68,Collection
Poor,41154,Employed,Car,78963,53,Fair,63,4,5,5,Personal,63924,84975,4,Judgement
Excellent,29536,Employed,Land,63171,96,Excellent,20,1,0,1,Other,85904,55621,74,Bankruptcy
Poor,62776,Unemployed,Car,96420,57,Good,0,1,5,3,Auto,38287,41642,3,Collection
Good,60201,Self-Employed,House,56268,97,Fair,33,0,0,1,Student,86851,36358,34,Bankruptcy
Poor,48599,Employed,Land,62807,15,Excellent,60,5,1,1,Student,82933,79117,81,Judgement
Fair,73297,Self-Employed,None,33472,8,Fair,93,2,4,1,Auto,77161,1411,93,Collection
Fair,56643,Self-Employed,House,26895,26,Excellent,13,4,1,1,Mortgage,80950,93705,52,None
Fair,39882,Employed,Land,52626,26,Poor,94,4,0,4,Student,17284,67094,18,Collection
Poor,39441,Employed,Investment,69557,55,Fair,12,2,1,0,Student,90294,26214,42,Other
Fair,25996,Employed,Investment,40422,48,Fair,59,5,1,1,Auto,44,62565,60,Tax Lien
Good,30863,Self-Employed,House,17000,68,Poor,77,0,5,2,Mortgage,5664,72678,17,Collection
Good,62229,Self-Employed,Investment,12839,16,Good,35,3,3,1,Student,19375,75183,99,Bankruptcy
Good,53992,Unemployed,Car,82397,47,Fair,38,0,1,5,Personal,7672,94562,60,None
Good,71548,Unemployed,Investment,22567,12,Poor,10,3,5,1,Mortgage,39564,90697,96,Tax Lien
Poor,15471,Unemployed,Car,11735,21,Fair,13,1,2,1,Auto,21576,63834,21,Collection
Good,60116,Self-Employed,Investment,12877,64,Good,61,5,2,3,Student,78369,77287,29,Other
Good,47400,Employed,House,33245,67,Excellent,32,3,4,2,Auto,3861,7306,75,Collection
Excellent,24185,Self-Employed,Car,76861,46,Good,65,3,4,2,Student,30634,86512,28,Other
Poor,58352,Employed,House,62949,57,Poor,77,3,1,5,Personal,96729,78613,31,None
Fair,63396,Unemployed,None,11278,65,Good,13,5,5,0,Student,98745,19093,21,Tax Lien
Poor,48510,Employed,Investment,12258,54,Good,85,5,2,0,Personal,39115,41969,86,None
Good,31643,Unemployed,Car,56875,25,Fair,95,1,0,2,Auto,25641,22204,72,None
Poor,23495,Unemployed,Car,45227,56,Fair,20,0,5,3,Mortgage,19673,27972,84,Other
Poor,95537,Employed,Car,39377,54,Fair,90,3,3,1,Personal,54840,86756,36,Tax Lien
Excellent,73029,Unemployed,Car,38480,25,Fair,30,3,4,5,Personal,83346,23699,64,Collection
Poor,17086,Unemployed,House,53604,84,Poor,16,2,1,4,Personal,86838,61571,62,Bankruptcy
Good,26291,Unemployed,Land,57723,78,Poor,64,0,5,0,Other,25760,27391,46,Bankruptcy
Good,95305,Employed,Car,53723,25,Fair,33,5,3,3,Auto,60906,68823,16,Bankruptcy
Good,38477,Unemployed,House,91898,56,Fair,11,0,1,2,Student,41502,63807,46,Other
Good,47109,Self-Employed,House,37544,6,Poor,56,3,2,0,Personal,49426,78874,9,None
Fair,76652,Unemployed,Other,84490,49,Good,35,5,3,2,Mortgage,22425,52464,22,Judgement
Poor,30448,Employed,Other,29808,7,Poor,53,0,4,2,Other,97950,19315,58,Bankruptcy
Poor,83036,Self-Employed,None,33559,78,Poor,21,2,0,5,Mortgage,63300,72435,75,Other
Poor,44163,Self-Employed,House,42109,9,Excellent,3,2,1,5,Mortgage,59949,87144,21,Tax Lien
Excellent,80983,Self-Employed,Other,45253,58,Excellent,12,4,2,1,Other,19666,93815,27,None
Fair,64707,Employed,Land,97862,52,Fair,8,1,1,3,Student,59802,31327,64,Collection
Excellent,55703,Unemployed,Investment,86370,41,Excellent,71,0,3,3,Mortgage,15060,21746,5,Other
Excellent,31751,Employed,Land,50354,96,Excellent,1,2,4,1,Auto,16016,90772,68,Tax Lien
Poor,76551,Employed,Car,74499,66,Excellent,83,0,1,2,Mortgage,98159,88781,33,Other
Poor,73756,Employed,Land,41399,55,Excellent,93,1,3,5,Personal,23153,92961,36,Other
Excellent,78039,Employed,Car,99727,29,Good,65,3,5,0,Personal,88170,53983,28,Tax Lien
Fair,54722,Unemployed,House,21757,91,Fair,39,0,0,3,Other,89415,76789,84,Collection
Excellent,61049,Self-Employed,Car,36708,66,Good,87,4,1,1,Auto,69795,16574,7,Other
Poor,62053,Self-Employed,None,73756,7,Fair,86,1,5,0,Student,10691,26379,27,Bankruptcy
Poor,64768,Unemployed,House,20136,30,Fair,41,4,5,4,Student,19846,17387,82,Collection
Poor,86151,Unemployed,House,92903,42,Good,16,3,5,5,Mortgage,54227,58263,76,None
Excellent,25939,Unemployed,Land,39890,92,Good,98,4,5,3,Other,52784,32737,62,Other
Fair,22202,Unemployed,None,80383,36,Fair,9,2,3,1,Other,64492,66088,30,None
Poor,34236,Employed,Other,23441,65,Fair,43,4,0,2,Auto,36575,18752,93,Tax Lien
Excellent,36947,Employed,Land,56812,17,Poor,16,4,5,4,Student,14197,91476,57,Judgement
Excellent,39835,Employed,Investment,40639,18,Fair,33,3,2,2,Student,70798,9365,52,Bankruptcy
Excellent,10632,Self-Employed,Other,20741,26,Good,2,5,1,2,Auto,24144,83920,44,Judgement
Poor,72898,Unemployed,None,24598,42,Fair,53,5,3,2,Auto,93495,20482,83,None
Fair,26865,Self-Employed,Investment,39079,26,Poor,40,1,1,5,Auto,96856,95,32,Other
Good,76963,Self-Employed,Land,13668,33,Fair,78,2,2,5,Mortgage,14725,50694,31,Tax Lien
Fair,73479,Employed,Other,65027,82,Poor,17,5,1,1,Mortgage,93132,122,65,Tax Lien
Fair,20147,Employed,Other,71858,8,Excellent,57,3,2,1,Student,43018,50474,4,Other
Poor,27411,Self-Employed,Other,70054,47,Fair,21,2,3,0,Auto,84337,27953,1,None
Excellent,19479,Employed,None,53832,26,Fair,1,4,2,3,Student,14084,99873,66,None
Excellent,93456,Unemployed,Investment,27868,68,Fair,62,1,4,1,Personal,44303,51608,8,Judgement
Poor,50447,Employed,Other,80911,72,Poor,100,0,0,1,Other,21445,83419,11,Judgement
Good,63962,Self-Employed,Car,89636,2,Fair,45,5,3,4,Mortgage,50822,80530,90,Bankruptcy
Fair,37639,Employed,House,84805,94,Excellent,60,2,5,5,Other,3383,35366,15,Judgement
Good,87777,Self-Employed,None,69435,86,Excellent,81,1,1,5,Personal,69085,74018,35,Other
Excellent,48418,Self-Employed,House,76701,5,Good,61,5,0,2,Other,33301,68679,30,Bankruptcy
Excellent,91648,Self-Employed,None,44411,62,Good,67,2,5,2,Student,77263,51272,10,Tax Lien
Excellent,89888,Unemployed,Land,51212,42,Poor,88,0,1,0,Other,53775,33798,74,Tax Lien
Poor,27803,Self-Employed,House,87184,78,Excellent,9,0,1,1,Personal,32781,13289,2,Judgement
Excellent,82320,Unemployed,Other,92699,4,Good,99,3,5,4,Auto,31569,42461,79,Judgement
Poor,69202,Unemployed,Other,36007,81,Poor,94,5,2,0,Auto,32766,79921,81,Other
Excellent,14812,Employed,House,82177,26,Fair,83,3,3,0,Auto,78776,17265,89,Collection
Fair,30252,Self-Employed,None,58289,19,Good,57,1,3,5,Auto,53698,6509,81,Collection
Excellent,50887,Employed,House,83834,11,Fair,20,1,3,2,Personal,51899,2211,76,Other
Excellent,29900,Employed,Other,96051,51,Poor,45,1,2,2,Personal,74254,63265,68,Other
Poor,13941,Self-Employed,Car,77888,81,Good,39,3,4,0,Other,92781,15540,72,Collection
Good,32187,Employed,Other,83404,12,Poor,43,5,2,1,Auto,70522,49770,23,Collection
Poor,19700,Self-Employed,None,80104,23,Excellent,57,5,4,4,Personal,93744,88319,24,Other
Fair,36190,Unemployed,None,96925,0,Fair,40,2,1,1,Student,72957,20954,8,Collection
Good,89655,Employed,House,56537,14,Excellent,83,4,5,3,Mortgage,34407,7058,70,None
Poor,58473,Self-Employed,Investment,55293,81,Good,41,2,2,0,Student,70424,80090,30,Bankruptcy
Excellent,73845,Unemployed,None,20467,22,Fair,88,5,4,0,Other,81305,92399,64,None
Fair,41402,Employed,House,58226,44,Excellent,55,1,3,0,Other,63398,48942,2,Tax Lien
Excellent,84682,Employed,Land,67504,92,Poor,50,1,5,2,Student,44898,95903,40,Bankruptcy
Fair,26539,Employed,Investment,22672,7,Good,44,4,2,1,Auto,21329,28590,20,Collection
Poor,60764,Self-Employed,Car,71973,2,Good,67,1,3,4,Auto,31710,36658,60,Tax Lien
Good,84949,Unemployed,Other,96041,43,Good,46,4,3,1,Student,74944,53297,23,Tax Lien
Poor,26189,Self-Employed,House,70485,26,Good,86,1,4,3,Mortgage,36740,81923,64,Judgement
Fair,12390,Self-Employed,Land,41184,22,Good,34,5,3,3,Mortgage,14509,64608,52,Other
Excellent,26315,Self-Employed,Car,24367,16,Fair,54,4,1,3,Mortgage,97524,8349,38,Bankruptcy
Excellent,67335,Self-Employed,Investment,65180,51,Fair,60,4,0,0,Other,96992,17695,92,Other
Fair,38940,Unemployed,Other,76067,90,Excellent,44,1,0,0,Other,58795,25534,78,None
Fair,94662,Self-Employed,Land,13263,28,Good,50,1,1,3,Personal,27599,81500,20,None
Good,92778,Self-Employed,Land,33810,60,Excellent,57,2,2,2,Auto,80717,79468,93,Judgement
Fair,39961,Unemployed,None,35039,74,Excellent,24,3,3,4,Student,43925,1339,41,Judgement
Good,51153,Unemployed,None,47553,58,Good,44,0,5,1,Student,34814,5136,58,None
Poor,85826,Employed,Other,76158,20,Fair,28,0,2,4,Other,59352,12941,86,Tax Lien
Good,90449,Self-Employed,Investment,86330,18,Good,54,1,4,2,Mortgage,26774,25164,65,Tax Lien
Fair,45647,Unemployed,Investment,93444,34,Poor,68,3,5,2,Auto,83395,34112,47,Tax Lien
Fair,71667,Employed,Other,14081,98,Poor,77,0,4,3,Personal,7706,87303,75,None
Good,74424,Employed,Car,55829,25,Good,2,0,5,0,Student,43587,92427,46,Other
Poor,12610,Unemployed,Car,63822,75,Poor,3,3,0,0,Personal,7348,91937,90,Judgement
Poor,79576,Unemployed,Other,32928,23,Poor,90,3,2,1,Personal,74133,14933,89,Other
Poor,60877,Unemployed,Land,48823,69,Fair,46,3,3,0,Other,61224,50149,17,Tax Lien
Excellent,39990,Employed,Car,56299,94,Excellent,39,2,0,1,Mortgage,66241,61871,60,Judgement
Poor,45857,Employed,None,45248,55,Poor,74,3,3,5,Auto,67155,12390,7,Judgement
Good,87864,Employed,Land,81586,52,Good,65,4,4,0,Student,47983,25118,54,Other
Excellent,59610,Self-Employed,None,83510,67,Poor,6,4,4,1,Auto,31210,4883,26,Other
Good,67954,Unemployed,Land,51155,61,Fair,61,4,0,3,Personal,29619,79746,56,None
Good,40051,Unemployed,Car,42243,94,Fair,54,2,1,5,Student,57646,67174,39,Bankruptcy
Good,96620,Unemployed,Other,52995,68,Poor,15,2,4,2,Other,85865,68685,98,Tax Lien
Good,72901,Unemployed,None,36343,20,Fair,88,0,1,1,Auto,63079,28302,80,Other
Fair,32950,Employed,Car,86145,42,Poor,89,2,3,2,Student,90025,80235,40,Tax Lien
Fair,69636,Unemployed,None,42303,2,Fair,21,5,3,3,Other,81418,22232,50,Other
Fair,84810,Employed,Other,92479,31,Fair,94,1,2,4,Mortgage,48944,61580,97,Collection
Excellent,64816,Self-Employed,Land,64472,6,Good,35,3,5,4,Other,1910,13295,39,Tax Lien
Excellent,39178,Unemployed,House,98596,77,Fair,54,4,5,5,Student,80709,57842,56,Judgement
Good,77009,Unemployed,House,71112,20,Poor,75,1,4,3,Auto,19031,12717,17,None
Poor,42526,Self-Employed,None,60956,54,Excellent,94,2,2,4,Mortgage,99335,14012,12,Bankruptcy
Good,83312,Employed,Land,13264,84,Poor,85,5,3,5,Other,64991,69625,80,Judgement
Good,73775,Self-Employed,Land,35914,100,Good,57,5,0,1,Mortgage,68532,96118,40,Tax Lien
Excellent,36918,Employed,Land,99670,39,Poor,85,0,4,4,Other,57656,9654,68,Tax Lien
Good,57426,Unemployed,Land,25065,15,Poor,96,3,1,4,Auto,99972,38457,43,Tax Lien
Good,97318,Employed,Land,89144,7,Poor,23,3,4,4,Personal,63636,20967,55,Other
Excellent,71923,Employed,Other,91492,33,Good,65,5,3,5,Student,70090,22178,55,None
Excellent,70715,Self-Employed,Car,26958,86,Good,35,1,2,4,Auto,68775,96780,38,Other
Excellent,56804,Self-Employed,Investment,28088,98,Poor,35,2,1,2,Student,43304,74876,40,Tax Lien
Fair,15121,Self-Employed,Car,93091,80,Good,36,2,0,2,Mortgage,25555,61177,67,Other
Excellent,22339,Employed,House,63998,90,Good,99,1,1,4,Mortgage,47718,96513,87,Other
Poor,66658,Employed,Investment,62673,91,Excellent,25,4,0,0,Personal,24071,43880,82,Collection
Good,96782,Unemployed,Land,15789,73,Poor,68,2,2,5,Personal,18313,44452,66,Bankruptcy
Good,80578,Employed,None,91275,9,Good,60,0,0,5,Mortgage,30453,13540,75,Tax Lien
Excellent,85327,Self-Employed,Land,54815,91,Fair,59,3,0,3,Auto,42427,85728,53,Collection
Excellent,27852,Employed,House,78469,3,Good,0,1,2,4,Student,80204,68136,98,Collection
Excellent,59475,Unemployed,House,62014,59,Poor,1,3,1,0,Mortgage,21482,79376,15,Other
Poor,10273,Unemployed,House,17810,91,Good,97,0,1,2,Other,37050,9183,14,Collection
Poor,47209,Self-Employed,Land,80019,40,Poor,24,0,1,2,Auto,18738,62968,23,None
Good,23669,Self-Employed,Other,28518,53,Excellent,38,3,4,2,Mortgage,25263,95390,7,Other
Fair,77483,Self-Employed,None,62316,96,Excellent,76,0,0,3,Other,27338,28520,35,Tax Lien
Good,92315,Employed,Land,29146,72,Good,98,0,5,5,Mortgage,55256,80819,60,Bankruptcy
Poor,60320,Employed,Other,57572,72,Good,60,1,2,0,Mortgage,70937,53275,57,None
Fair,20442,Employed,Car,39557,72,Good,77,3,5,0,Auto,25951,97121,35,Collection
Poor,36381,Unemployed,Car,13832,36,Good,46,0,1,0,Other,69015,52757,25,Judgement
Poor,92524,Employed,Land,85839,75,Good,47,1,0,4,Personal,62466,63511,66,Bankruptcy
Poor,54419,Unemployed,Land,59507,56,Good,38,4,0,3,Student,36732,71410,68,None
Good,68917,Employed,Land,58586,21,Poor,9,5,3,1,Other,67530,75726,69,Judgement
Good,48776,Self-Employed,Land,37875,82,Good,92,5,2,5,Personal,19242,78592,28,Collection
Good,15667,Employed,None,93268,35,Poor,91,4,4,0,Personal,77732,81195,8,None
Poor,99146,Employed,Land,83083,35,Fair,45,3,0,3,Mortgage,45941,83444,12,Collection
Fair,31731,Unemployed,Other,41850,10,Excellent,29,2,1,5,Student,76700,32836,15,Judgement
Fair,65277,Unemployed,House,78839,100,Fair,0,2,2,5,Mortgage,98779,70997,86,Other
Excellent,50577,Self-Employed,None,62816,37,Poor,27,5,4,1,Other,52616,52350,93,None
Poor,84302,Employed,Car,79869,73,Poor,29,0,0,3,Student,22387,37245,18,Collection
Poor,13840,Unemployed,Other,44798,43,Good,66,4,5,3,Other,6376,19737,26,Other
Excellent,84859,Unemployed,Land,21458,36,Good,91,4,5,4,Other,20707,79269,94,Other
Excellent,64692,Employed,House,20590,4,Good,100,2,5,0,Other,42334,27671,59,Other
Poor,99106,Unemployed,Other,75733,45,Fair,47,3,3,4,Other,43780,89755,87,Bankruptcy
Fair,37888,Employed,Car,80435,50,Good,88,4,0,1,Student,25917,27234,7,Bankruptcy
Excellent,79417,Unemployed,House,12338,44,Excellent,11,1,1,3,Personal,58858,21866,7,Other
Poor,47965,Self-Employed,Other,83637,89,Poor,8,5,3,2,Other,51285,8029,58,Collection
Good,32807,Self-Employed,Investment,24948,6,Poor,98,0,1,1,Personal,55192,28061,91,Tax Lien
Poor,65916,Self-Employed,Land,55847,96,Excellent,54,3,2,5,Other,50495,30218,13,Judgement
Good,74861,Employed,House,63869,77,Fair,77,1,4,3,Other,9896,78180,63,Other
Excellent,13091,Unemployed,Car,49415,20,Poor,4,2,5,5,Other,72866,22183,14,None
Fair,82081,Self-Employed,House,83507,72,Excellent,6,3,3,3,Student,40534,65769,65,Tax Lien
Good,13363,Employed,Other,56278,60,Excellent,44,5,0,5,Student,37884,29673,11,None
Poor,11667,Employed,House,36222,18,Good,72,0,4,2,Other,26295,45046,30,None
Good,60391,Unemployed,Land,73148,81,Good,78,1,3,3,Mortgage,84023,99618,51,None
Good,38489,Unemployed,None,42384,97,Excellent,23,1,0,0,Mortgage,4673,23794,70,Tax Lien
Good,44860,Self-Employed,House,25789,4,Excellent,8,3,5,4,Other,16278,15757,77,Judgement
Poor,66678,Employed,Other,42964,98,Excellent,94,0,0,1,Auto,9298,18268,91,Bankruptcy
Excellent,85710,Employed,House,92401,20,Good,50,2,0,0,Other,24204,3714,67,Judgement
Good,22953,Employed,Investment,41584,29,Poor,57,2,4,1,Other,26994,1657,26,Other
Excellent,86613,Employed,Car,90938,88,Excellent,2,1,2,0,Auto,85187,44853,41,None
Excellent,83646,Self-Employed,House,20763,80,Poor,57,2,2,0,Auto,64989,52822,17,Tax Lien
Excellent,38055,Unemployed,Other,32415,90,Good,65,0,1,3,Auto,85338,87104,64,Other
Fair,79850,Employed,Other,20830,99,Poor,70,1,0,4,Personal,62927,3185,22,Judgement
Fair,37086,Unemployed,Car,77586,53,Poor,0,5,4,5,Mortgage,9103,59240,57,Judgement
Excellent,12873,Employed,None,30544,23,Excellent,40,2,4,1,Student,94527,63669,74,Tax Lien
Excellent,58876,Self-Employed,House,19567,6,Excellent,46,3,4,0,Mortgage,38091,49393,52,Collection
Good,36493,Unemployed,Car,56477,50,Good,39,0,2,3,Personal,95177,31320,26,Tax Lien
Fair,45520,Unemployed,Car,98057,89,Excellent,0,2,2,1,Other,96491,8422,93,Other
Poor,27425,Employed,House,20700,77,Poor,88,4,2,3,Student,21542,65510,83,Other
Fair,19572,Self-Employed,None,93489,74,Good,28,1,0,4,Other,78767,82237,81,Collection
Good,92207,Employed,Car,59931,39,Fair,99,4,3,0,Other,92044,57678,96,Tax Lien
Good,55695,Unemployed,Car,26480,83,Poor,47,2,0,1,Auto,38124,98263,51,Tax Lien
Good,36817,Unemployed,Land,22410,0,Poor,52,3,5,3,Student,99553,76464,68,Bankruptcy
Fair,61171,Employed,Car,29307,55,Fair,58,3,4,1,Auto,80391,98996,56,Collection
Poor,10879,Self-Employed,Investment,69177,34,Excellent,59,0,3,2,Mortgage,36822,50834,6,Judgement
Poor,90506,Employed,Investment,61597,66,Fair,85,1,0,5,Auto,15136,94335,49,Bankruptcy
Poor,60602,Unemployed,House,51501,20,Fair,98,4,3,1,Other,96234,76583,93,Collection
Excellent,51640,Unemployed,Land,57592,12,Excellent,7,3,1,2,Auto,97673,41777,80,Collection
Good,30302,Unemployed,House,19828,12,Poor,62,4,0,2,Student,51616,30187,93,Bankruptcy
Excellent,94451,Unemployed,Other,20132,3,Fair,51,0,0,5,Student,39455,35481,17,None
Good,38115,Self-Employed,Land,68523,43,Good,79,2,3,0,Student,81992,85339,51,Collection
Excellent,99513,Employed,Car,15209,96,Excellent,10,4,4,3,Other,83848,9551,28,Collection
Excellent,45538,Employed,Car,36709,100,Good,83,5,0,0,Personal,6874,58566,90,Collection
Excellent,10688,Employed,Other,60392,58,Good,7,5,1,5,Auto,5227,78458,11,Tax Lien
Excellent,56642,Self-Employed,Land,72526,59,Poor,18,3,2,4,Other,2399,86666,11,Collection
Excellent,26495,Unemployed,Other,92515,79,Excellent,38,1,1,0,Personal,64836,57084,40,None
Fair,91671,Employed,None,82400,60,Good,41,0,4,4,Mortgage,7537,3516,53,Other
Excellent,48794,Unemployed,Other,37533,88,Excellent,48,3,1,2,Other,44206,87894,12,None
Fair,42507,Employed,House,28215,65,Good,83,0,0,4,Student,57891,1538,80,Judgement
Fair,92486,Employed,Car,99498,47,Good,0,3,0,2,Other,54740,49923,53,Bankruptcy
Poor,95776,Unemployed,Investment,27793,76,Poor,21,4,3,5,Personal,46274,39736,5,None
Fair,16769,Employed,Investment,54433,32,Fair,53,0,3,2,Mortgage,16279,70180,42,Bankruptcy
Poor,32256,Unemployed,Investment,54371,99,Fair,25,1,5,5,Mortgage,88010,58942,69,Other
Good,72921,Unemployed,Other,11411,62,Excellent,48,0,3,0,Other,5225,10233,8,Bankruptcy
Poor,17538,Unemployed,None,11076,61,Fair,5,4,3,2,Other,54438,71922,20,Bankruptcy
Good,13022,Unemployed,Land,47313,87,Poor,50,0,1,2,Other,59145,75081,35,Other
Good,73835,Unemployed,Investment,70422,75,Fair,82,0,4,0,Auto,22829,49131,35,Tax Lien
Excellent,45761,Employed,Investment,72512,90,Poor,60,5,1,2,Auto,31644,39869,91,None
Fair,78687,Employed,Land,80620,16,Excellent,24,5,1,0,Mortgage,18544,50442,60,Other
Excellent,32991,Self-Employed,House,34127,73,Good,40,4,2,2,Mortgage,41061,60493,59,None
Fair,94963,Employed,Other,46186,42,Excellent,40,1,4,0,Auto,57084,86776,15,Bankruptcy
Fair,93080,Self-Employed,Car,78943,89,Fair,81,5,0,4,Student,32794,33349,67,Bankruptcy
Poor,28810,Employed,None,12970,24,Fair,73,0,3,0,Auto,59672,2197,8,Bankruptcy
Fair,20675,Self-Employed,House,76452,5,Good,9,5,0,4,Student,7096,66844,84,None
Poor,94010,Employed,Other,77357,31,Poor,7,1,0,5,Auto,34589,77148,42,Bankruptcy
Poor,85721,Self-Employed,Investment,75599,35,Excellent,72,1,4,1,Personal,5906,57047,84,None
Excellent,12389,Employed,House,76377,89,Excellent,90,1,2,4,Personal,97668,2236,84,Judgement
Good,24119,Self-Employed,Car,66481,44,Poor,49,1,3,1,Student,69980,83534,31,Other
Poor,24369,Unemployed,Land,67090,18,Excellent,98,5,3,1,Personal,32248,63851,31,Bankruptcy
Poor,58714,Unemployed,Investment,67516,89,Fair,16,4,1,0,Personal,97392,84179,79,Other
Poor,29146,Unemployed,Other,75814,31,Good,7,1,2,3,Mortgage,90240,85066,39,Bankruptcy
Poor,88341,Self-Employed,Other,57899,78,Good,11,5,1,1,Other,90529,97240,8,Bankruptcy
Excellent,54876,Unemployed,Car,41356,36,Excellent,36,2,1,0,Personal,88820,93657,69,Bankruptcy
Excellent,23004,Employed,Other,22157,82,Poor,2,0,1,3,Student,53390,24596,31,Collection
Good,91644,Unemployed,Land,90536,7,Fair,31,1,1,3,Auto,86076,97554,79,Collection
Poor,73831,Employed,Car,49113,39,Poor,30,3,3,5,Other,28876,4110,28,Tax Lien
Poor,92523,Employed,Other,93801,86,Good,45,3,2,1,Auto,79961,28315,61,Bankruptcy
Good,63140,Self-Employed,Other,34494,41,Poor,63,3,3,0,Auto,15339,90016,4,None
Fair,87399,Unemployed,Car,51666,93,Excellent,79,0,2,1,Other,81053,76041,85,Other
Good,79318,Self-Employed,Investment,78000,39,Poor,44,1,3,2,Student,6174,24780,23,Tax Lien
Excellent,72663,Unemployed,House,53750,53,Poor,93,1,2,4,Other,48449,5569,67,Judgement
Fair,10386,Unemployed,Other,99655,41,Excellent,86,3,1,5,Other,94826,34366,52,Other
Excellent,56815,Employed,Investment,78495,74,Poor,16,5,1,1,Personal,19621,24875,75,None
Excellent,34702,Self-Employed,None,25035,13,Fair,34,0,5,5,Mortgage,74911,41627,63,Tax Lien
Good,32489,Employed,House,39273,3,Excellent,67,0,1,3,Other,58862,75113,7,Judgement
Fair,13701,Self-Employed,House,81039,58,Good,11,1,3,0,Auto,69090,39933,70,Collection
Good,56881,Self-Employed,None,89279,61,Excellent,23,1,0,4,Other,47118,42401,41,Bankruptcy
Excellent,33727,Employed,Investment,81591,90,Good,55,5,1,0,Mortgage,67268,52695,87,Bankruptcy
Excellent,27819,Unemployed,Land,47624,87,Fair,66,5,0,5,Student,51900,26399,38,Tax Lien
Poor,30899,Employed,Car,79065,77,Excellent,19,1,0,2,Student,94552,47229,12,Bankruptcy
Good,77113,Unemployed,Land,56405,50,Fair,28,3,4,2,Student,5965,7472,22,Bankruptcy
Excellent,14918,Self-Employed,Other,90753,65,Poor,21,2,2,3,Auto,62572,79333,30,Other
Poor,82872,Employed,Car,77495,48,Good,25,4,1,2,Mortgage,35802,59624,16,Bankruptcy
Poor,37003,Employed,None,33735,67,Poor,78,0,2,4,Other,22228,30936,53,Other
Good,81556,Unemployed,Car,25680,43,Fair,57,3,1,5,Mortgage,92789,87364,32,Bankruptcy
Fair,20673,Self-Employed,Other,59718,12,Poor,75,5,3,3,Mortgage,46246,33172,55,Bankruptcy
Excellent,84971,Employed,Car,26729,44,Fair,17,1,1,5,Other,98321,71832,59,Other
Fair,77482,Unemployed,Other,26996,98,Good,92,3,0,1,Mortgage,68698,43708,25,Tax Lien
Excellent,19024,Employed,House,64064,42,Excellent,92,0,5,4,Mortgage,91451,77694,49,Other
Poor,39884,Unemployed,Other,65580,6,Excellent,36,1,5,3,Personal,28250,99204,90,None
Excellent,98249,Unemployed,Other,71048,67,Fair,25,1,5,3,Other,32125,13665,34,Bankruptcy
Fair,80361,Employed,House,39442,50,Poor,7,4,1,0,Personal,41275,72789,22,Collection
Good,13108,Self-Employed,Land,56579,49,Poor,90,0,0,3,Auto,44449,49954,15,Collection
Excellent,17332,Employed,Car,70604,22,Excellent,14,5,1,0,Mortgage,53512,17427,33,Collection
Good,54975,Unemployed,Other,19128,50,Excellent,54,3,4,3,Personal,60108,50429,29,Bankruptcy
Good,34967,Self-Employed,Car,98877,61,Good,40,3,0,1,Auto,88505,36110,4,Judgement
Fair,26682,Unemployed,Car,47392,91,Good,23,3,1,2,Personal,32237,41454,58,Tax Lien
Fair,79349,Employed,None,33345,21,Good,76,3,2,1,Auto,63757,39594,90,None
Fair,54598,Employed,Car,63219,67,Excellent,0,5,3,5,Other,54618,24294,34,Other
Poor,67952,Unemployed,House,43691,41,Excellent,98,2,2,1,Personal,91136,56045,83,Judgement
Excellent,66944,Self-Employed,Investment,77936,9,Fair,79,2,0,4,Personal,79864,91638,75,Judgement
Fair,30424,Unemployed,House,51001,72,Good,45,5,0,3,Mortgage,42818,24607,53,Tax Lien
Good,97125,Employed,Land,63587,21,Good,76,1,3,2,Personal,77234,69804,35,Other
Excellent,30527,Employed,None,76420,0,Poor,17,3,0,5,Student,19628,57280,38,Tax Lien
Good,54246,Unemployed,None,91962,90,Poor,53,1,2,4,Other,7018,89851,42,None
Fair,78446,Employed,Car,18608,62,Excellent,65,5,3,2,Auto,16957,17114,88,None
Poor,42335,Employed,House,32422,78,Excellent,85,1,5,2,Other,93706,63453,32,None
Fair,92028,Unemployed,Investment,49100,61,Good,79,5,2,5,Mortgage,76462,28500,18,Judgement
Poor,32426,Unemployed,House,40017,13,Excellent,21,4,0,5,Mortgage,41043,45225,4,Judgement
Good,23185,Self-Employed,Land,31553,50,Fair,55,5,4,3,Personal,32561,89141,89,Tax Lien
Fair,37513,Employed,House,56806,85,Fair,58,2,1,1,Mortgage,5512,58224,84,Judgement
Fair,98185,Self-Employed,Car,55454,85,Good,68,3,1,5,Other,44025,28943,3,Judgement
Excellent,74490,Employed,Car,74580,39,Poor,31,4,0,3,Student,21798,79245,1,Bankruptcy
Good,34294,Self-Employed,Other,96014,20,Fair,58,1,1,3,Auto,30344,90734,52,Bankruptcy
Good,11400,Employed,Car,74136,5,Poor,24,3,1,0,Personal,94486,88655,88,Tax Lien
Poor,25252,Employed,Investment,26640,97,Good,43,2,5,5,Personal,1052,95764,55,Collection
Good,94359,Self-Employed,Other,43166,51,Poor,96,4,5,1,Auto,42263,45160,22,Bankruptcy
Good,20521,Employed,Land,37226,51,Excellent,66,0,4,5,Other,68478,267,81,None
Poor,51879,Unemployed,Investment,23642,24,Good,46,5,1,1,Student,20453,61683,69,Bankruptcy
Excellent,74486,Unemployed,None,44929,89,Excellent,93,5,0,0,Student,97612,74935,27,None
Excellent,25775,Unemployed,Other,71849,10,Good,51,3,5,5,Mortgage,34215,69211,4,None
Fair,92470,Employed,Car,56729,77,Excellent,60,5,2,1,Mortgage,17668,8002,70,None
Good,46787,Employed,Car,34216,69,Good,49,5,2,3,Student,50874,8264,77,Judgement
Fair,87900,Self-Employed,House,47128,22,Fair,76,4,3,1,Other,90727,31078,88,Bankruptcy
Excellent,91308,Employed,Land,80834,95,Good,69,5,0,1,Student,89887,15606,11,Tax Lien
Excellent,39061,Self-Employed,Investment,16285,13,Good,5,3,2,1,Mortgage,22479,49005,40,Tax Lien
Poor,20753,Self-Employed,House,97898,41,Poor,17,1,2,2,Mortgage,327,64628,25,Collection
Poor,36566,Unemployed,House,33167,9,Good,98,2,3,1,Mortgage,46027,18355,18,Judgement
Poor,33027,Self-Employed,House,28527,44,Poor,60,5,0,4,Mortgage,6044,83527,29,None
Poor,90545,Self-Employed,House,49498,16,Poor,8,1,2,5,Personal,36634,52453,29,Other
Poor,63213,Self-Employed,Land,88902,89,Fair,51,4,0,4,Student,56421,38568,19,Collection
Poor,42324,Self-Employed,House,49026,37,Good,21,0,4,2,Personal,63802,24151,21,Bankruptcy
Good,81436,Employed,Other,35799,12,Poor,65,2,0,3,Personal,30743,51059,25,Judgement
Poor,68733,Self-Employed,Investment,97154,82,Fair,57,1,4,5,Mortgage,60232,73753,87,Tax Lien
Poor,53179,Self-Employed,Land,42552,30,Fair,72,5,2,1,Student,51229,38876,80,Collection
Poor,80880,Unemployed,None,74934,56,Poor,70,2,3,2,Student,41214,24555,82,Other
Poor,25633,Self-Employed,House,58049,85,Excellent,24,3,2,5,Auto,65658,21613,68,Judgement
Fair,25201,Self-Employed,Car,27865,45,Poor,48,0,5,0,Personal,81607,46712,31,Bankruptcy
Fair,74000,Self-Employed,Car,28397,7,Fair,98,1,4,2,Personal,98585,26022,20,None
Excellent,38809,Unemployed,None,71063,75,Good,36,5,2,2,Other,29235,15472,83,Other
Excellent,87236,Unemployed,Other,29936,74,Good,56,5,2,0,Mortgage,92595,89746,32,None
Good,86498,Unemployed,House,32954,51,Good,20,1,3,2,Student,2849,28851,93,Judgement
Fair,70169,Self-Employed,Car,96198,85,Poor,87,2,0,5,Auto,8804,89436,100,Other
Excellent,62278,Unemployed,House,54661,17,Poor,100,4,2,4,Mortgage,21002,15486,70,Bankruptcy
Good,79150,Employed,None,85387,69,Poor,42,2,0,5,Mortgage,51245,32391,31,None
Fair,65033,Employed,Other,50073,49,Poor,65,4,3,0,Personal,21956,81588,87,Other
Excellent,18678,Unemployed,Investment,22629,54,Excellent,73,3,5,5,Auto,53622,8335,68,Other
Good,62333,Unemployed,Other,52028,94,Good,51,4,3,1,Student,49129,26197,93,Tax Lien
Excellent,48226,Unemployed,Other,41866,52,Good,87,2,2,0,Student,92681,75152,23,Tax Lien
Excellent,23145,Self-Employed,Land,65700,9,Poor,80,1,1,4,Auto,68364,97853,98,None
Poor,21967,Self-Employed,House,65764,21,Poor,55,3,2,4,Mortgage,60872,19140,19,Tax Lien
Poor,75130,Self-Employed,Investment,72380,50,Fair,2,0,5,4,Mortgage,21769,18568,95,Other
Fair,27915,Employed,Other,86093,9,Excellent,24,3,0,4,Other,26889,50152,5,Bankruptcy
Fair,50610,Employed,None,98537,46,Good,24,4,0,2,Student,77414,20858,63,Bankruptcy
Fair,70230,Unemployed,Investment,45034,47,Good,83,5,5,2,Other,80651,23619,22,Other
Excellent,17203,Self-Employed,None,31822,16,Good,99,4,4,4,Student,8194,75213,62,Judgement
Excellent,35363,Unemployed,Investment,61879,90,Excellent,67,0,3,0,Mortgage,94813,90964,43,Bankruptcy
Excellent,90108,Self-Employed,Car,71143,94,Excellent,100,1,3,5,Auto,95367,9350,45,Other
Poor,13796,Employed,Land,56970,96,Poor,62,1,1,3,Student,76993,78892,25,Bankruptcy
Poor,38534,Self-Employed,Car,45069,88,Poor,24,1,5,4,Mortgage,57143,65428,10,Collection
Fair,24361,Self-Employed,House,58378,80,Fair,78,4,4,3,Auto,85805,13908,62,Judgement
Poor,46756,Employed,House,69301,48,Fair,62,1,0,4,Mortgage,59629,16074,6,None
Fair,53706,Unemployed,Land,15622,15,Fair,72,4,4,3,Auto,34455,78313,79,Other
Good,84697,Employed,None,62985,79,Good,6,3,5,2,Personal,47002,1058,56,Collection
Excellent,44543,Self-Employed,House,73453,21,Fair,55,0,5,3,Auto,85008,35119,96,Other
Fair,87531,Unemployed,None,37881,60,Excellent,14,4,4,1,Mortgage,56135,66161,90,Tax Lien
Good,64097,Employed,Investment,64359,34,Poor,38,2,1,0,Student,10846,49557,54,Collection
Fair,17534,Unemployed,House,13216,0,Poor,75,5,3,4,Mortgage,38808,78835,23,Other
Poor,97904,Self-Employed,Car,50852,45,Poor,49,0,2,4,Mortgage,57137,55309,39,Bankruptcy
Excellent,77153,Employed,Investment,70575,11,Poor,70,0,0,4,Auto,74219,34531,98,Other
Poor,87469,Self-Employed,None,86086,87,Poor,60,1,3,1,Mortgage,24442,65901,98,Tax Lien
Excellent,38160,Unemployed,Investment,23656,28,Poor,90,5,4,0,Student,54459,14197,18,Tax Lien
Poor,77388,Unemployed,Land,98779,37,Good,64,0,4,2,Student,11325,25158,51,Judgement
Fair,46024,Unemployed,Other,71390,51,Excellent,8,5,1,3,Personal,44981,48103,31,Judgement
Excellent,49528,Employed,None,32498,5,Poor,23,4,5,5,Mortgage,93952,97384,44,None
Poor,44223,Employed,Investment,10079,17,Poor,46,2,3,5,Auto,10490,52037,50,None
Poor,26899,Employed,Other,46642,83,Excellent,39,4,5,3,Student,60888,94830,69,Tax Lien
Poor,39473,Employed,Car,87326,70,Good,23,5,4,4,Student,90537,56978,98,Judgement
Fair,37618,Self-Employed,House,18599,22,Fair,21,3,1,2,Personal,38586,91343,77,Tax Lien
Fair,40104,Unemployed,House,69388,92,Excellent,7,4,4,3,Personal,16364,32660,56,Bankruptcy
Poor,91756,Unemployed,Investment,94392,61,Excellent,71,4,4,0,Mortgage,45188,35874,25,None
Excellent,39638,Unemployed,Investment,80843,13,Good,61,2,3,4,Other,87351,11249,72,None
Excellent,24704,Self-Employed,House,14310,42,Poor,76,5,3,0,Personal,9473,51036,91,None
Fair,75303,Self-Employed,None,75009,52,Poor,56,0,4,5,Auto,53322,60234,38,Tax Lien
Poor,42061,Self-Employed,None,49032,88,Good,67,4,3,2,Mortgage,56690,16849,11,Collection
Poor,49799,Self-Employed,Car,86664,61,Poor,71,4,5,4,Personal,29357,47774,77,None
Fair,29742,Self-Employed,Car,30874,76,Good,59,2,1,4,Auto,47637,32849,56,None
Poor,36452,Unemployed,Other,61825,31,Excellent,36,0,0,5,Mortgage,2792,78435,23,Tax Lien
Fair,69878,Self-Employed,Land,63171,48,Fair,48,4,3,4,Personal,64472,1209,92,Collection
Excellent,35835,Self-Employed,Car,30692,54,Fair,1,1,3,1,Auto,51956,51574,94,Judgement
Poor,24274,Self-Employed,None,56063,31,Good,11,0,3,4,Auto,78672,31129,54,Other
Excellent,15878,Self-Employed,Other,96124,37,Fair,21,2,3,4,Student,61912,21428,14,Judgement
Poor,81444,Self-Employed,House,50578,5,Poor,88,3,5,4,Other,83526,91072,69,Judgement
Poor,95044,Employed,Car,71363,25,Excellent,83,3,5,0,Mortgage,2670,58566,28,Collection
Fair,96714,Employed,Investment,54889,0,Fair,96,5,0,4,Auto,67680,66780,8,Collection
Poor,71378,Self-Employed,House,99996,82,Excellent,100,4,1,2,Auto,49163,32262,59,Bankruptcy
Excellent,44743,Unemployed,None,19417,55,Poor,13,0,5,3,Auto,22376,38806,84,Tax Lien
Excellent,28645,Employed,None,53382,89,Good,100,4,2,5,Other,35515,23334,52,Tax Lien
Fair,58050,Employed,None,15816,13,Excellent,53,3,0,1,Mortgage,22217,58686,82,Other
Good,31024,Self-Employed,Investment,64034,98,Fair,13,1,3,4,Other,96394,51266,72,Bankruptcy
Excellent,89310,Unemployed,Investment,25555,31,Fair,62,1,1,3,Auto,29710,23413,41,None
Good,30179,Unemployed,None,38687,73,Excellent,80,4,0,1,Personal,47833,85905,26,Collection
Fair,27456,Self-Employed,Land,60094,94,Fair,94,0,0,3,Student,10373,26252,93,Collection
Fair,42252,Self-Employed,Investment,36546,6,Poor,92,0,1,4,Student,2618,23464,18,None
Good,17758,Self-Employed,House,72879,87,Good,77,3,2,0,Auto,10640,51099,19,Other
Poor,52356,Self-Employed,Car,47200,68,Poor,99,5,3,4,Mortgage,68400,45312,70,Other
Fair,72843,Self-Employed,None,75858,29,Poor,59,4,0,5,Personal,87117,70175,44,Judgement
Excellent,78526,Employed,House,45190,36,Poor,62,5,4,0,Other,32816,2375,89,Collection
Fair,87859,Unemployed,None,38518,41,Fair,53,4,1,4,Personal,91386,16312,1,None
Poor,86505,Unemployed,Car,83768,15,Fair,89,4,3,2,Other,91610,34709,14,Other
Fair,96298,Self-Employed,Car,85256,37,Poor,60,0,5,3,Mortgage,56764,61874,53,None
Excellent,98475,Unemployed,House,60220,47,Excellent,84,1,0,0,Student,27627,69643,49,Judgement
Fair,66969,Employed,None,18059,82,Fair,47,5,3,0,Student,67584,83749,19,Other
Excellent,65694,Self-Employed,Investment,25233,28,Excellent,48,3,3,2,Mortgage,73918,78941,69,Bankruptcy
Fair,66564,Self-Employed,Land,95245,66,Good,12,0,2,2,Other,74098,22080,57,Other
Excellent,51174,Self-Employed,Other,77809,52,Good,4,1,4,2,Student,65244,42600,43,Collection
Fair,84480,Unemployed,House,73616,98,Fair,18,0,1,1,Mortgage,22529,48577,74,Tax Lien
Excellent,72171,Employed,None,50519,27,Poor,44,0,4,2,Mortgage,64353,41726,53,Tax Lien
Poor,52767,Self-Employed,Investment,22410,51,Fair,45,4,3,2,Personal,7792,35433,48,Other
Good,33196,Unemployed,None,72614,56,Good,46,5,4,4,Auto,59339,847,60,Collection
Good,61210,Unemployed,Land,24973,80,Excellent,96,5,0,0,Auto,98023,13426,69,Judgement
Excellent,17457,Employed,Other,78928,61,Excellent,89,1,4,3,Auto,76556,83158,38,Judgement
Excellent,54094,Self-Employed,Land,69971,73,Poor,76,5,5,5,Personal,16864,1813,37,Judgement
Fair,55919,Self-Employed,Land,89284,63,Fair,31,3,2,5,Student,11678,45782,27,None
Poor,82944,Self-Employed,Land,19754,23,Poor,54,2,3,3,Auto,17501,14495,27,Other
Fair,87735,Employed,None,52733,95,Poor,2,0,1,1,Auto,62774,2113,38,Tax Lien
Fair,27275,Unemployed,Land,84417,71,Poor,1,1,0,5,Student,6554,17213,95,Tax Lien
Excellent,40968,Self-Employed,None,94778,35,Good,73,3,3,4,Student,75563,49435,36,Bankruptcy
Excellent,77463,Self-Employed,None,51147,12,Good,40,3,4,3,Personal,34808,387,99,Bankruptcy
Good,97624,Self-Employed,House,79473,76,Excellent,73,1,3,4,Other,72656,7991,51,Judgement
Fair,28124,Employed,Car,35829,45,Fair,91,0,0,1,Auto,33997,25345,41,Collection
Good,71724,Self-Employed,Land,64639,89,Good,74,2,1,0,Mortgage,54654,1891,90,Collection
Good,89541,Employed,Land,50492,50,Good,35,3,3,3,Personal,45546,70516,31,Tax Lien
Good,40137,Employed,House,22774,37,Good,46,3,0,4,Mortgage,74003,86726,75,Other
Excellent,78494,Employed,Other,78989,35,Good,98,4,5,0,Student,34325,93974,86,Other
Poor,77767,Employed,Car,12862,88,Poor,78,1,1,0,Other,27503,43547,46,Tax Lien
Excellent,56725,Employed,Car,73710,10,Good,68,3,1,0,Auto,36262,91773,90,Tax Lien
Good,40325,Employed,Other,81935,92,Fair,39,3,3,1,Student,44181,95537,50,None
Good,37322,Unemployed,House,77758,95,Good,36,5,2,1,Auto,81745,71113,7,Judgement
Poor,70906,Self-Employed,None,64608,31,Good,25,2,1,3,Mortgage,82281,76875,99,Other
Good,96367,Self-Employed,House,53194,23,Excellent,58,5,5,3,Auto,40342,9594,4,Collection
Fair,29040,Unemployed,None,41228,88,Fair,76,4,1,1,Auto,79204,43254,69,Other
Good,69093,Employed,Land,40674,46,Poor,96,2,4,5,Mortgage,37097,70100,76,Tax Lien
Excellent,87849,Self-Employed,None,81421,76,Good,83,2,5,2,Other,37517,53528,81,Judgement
Excellent,14198,Unemployed,None,48141,66,Poor,89,3,3,5,Auto,57270,30395,36,Tax Lien
Good,36039,Unemployed,Land,82469,8,Fair,78,2,2,4,Auto,10208,56614,18,Other
Fair,86237,Unemployed,Investment,76148,67,Good,23,2,4,4,Mortgage,99148,67517,60,Tax Lien
Poor,19481,Employed,Car,58713,3,Fair,13,0,1,0,Personal,41123,816,24,Collection
Excellent,25738,Employed,House,99054,39,Poor,57,0,1,0,Personal,22039,41981,91,None
Fair,65568,Self-Employed,Car,54840,76,Good,54,1,5,5,Other,97022,64241,26,Other
Excellent,62305,Employed,House,82976,32,Poor,50,2,2,1,Personal,65426,18735,63,Bankruptcy
Poor,69345,Self-Employed,House,15044,32,Excellent,29,5,3,3,Personal,84022,60688,93,Other
Excellent,55056,Unemployed,Investment,31409,66,Good,87,4,5,1,Auto,59647,57771,0,Judgement
Poor,30687,Self-Employed,Other,79448,53,Good,27,5,2,4,Personal,61509,36879,33,Collection
Poor,63876,Self-Employed,Other,88942,8,Poor,74,0,2,1,Personal,47463,19882,86,Other
Good,87630,Unemployed,Land,66352,55,Fair,70,2,3,1,Other,44988,37549,24,Judgement
Poor,10944,Employed,None,54179,64,Good,38,0,2,3,Other,31760,43877,66,Collection
Good,90632,Self-Employed,Investment,86588,93,Excellent,48,0,4,3,Mortgage,66188,57222,34,Bankruptcy
Fair,17871,Self-Employed,Other,82771,64,Poor,24,0,2,4,Student,35651,39355,74,Bankruptcy
Excellent,15508,Unemployed,Land,47014,62,Fair,4,2,4,2,Auto,76134,45720,86,Judgement
Excellent,12287,Employed,Car,93414,75,Excellent,72,2,5,0,Other,96532,6207,55,Bankruptcy
Fair,89483,Unemployed,Investment,65363,92,Fair,60,4,0,0,Auto,28691,40535,32,Judgement
Poor,17489,Employed,Car,26280,18,Excellent,72,3,5,3,Auto,82436,70015,43,Other
Poor,94684,Employed,Land,71873,20,Poor,6,0,0,1,Personal,89099,47335,70,None
Good,77620,Self-Employed,Investment,48777,32,Excellent,53,2,3,4,Auto,23186,19146,77,Other
Poor,28100,Self-Employed,House,27516,41,Fair,53,3,2,3,Auto,70116,84203,67,Other
Excellent,93473,Unemployed,None,54873,68,Poor,17,1,2,2,Personal,6975,28337,77,None
Good,72549,Employed,None,64723,41,Good,22,0,0,5,Student,46866,54085,64,None
Excellent,82723,Self-Employed,Land,21450,54,Fair,72,2,5,4,Student,40516,1981,1,None
Fair,74599,Self-Employed,Other,50316,55,Good,88,4,3,3,Auto,26089,32288,49,Other
Poor,46732,Employed,House,45460,29,Fair,93,0,3,4,Personal,95064,59451,78,Tax Lien
Poor,15779,Employed,Other,35376,88,Fair,29,4,1,5,Personal,85672,67290,31,Judgement
Fair,87828,Employed,None,10940,100,Good,85,2,3,2,Auto,6847,49264,13,None
Excellent,95433,Employed,None,62906,68,Excellent,62,0,5,0,Auto,30716,85237,26,Other
Poor,77363,Employed,House,19630,2,Good,81,5,3,2,Personal,25664,86512,1,Tax Lien
Poor,46659,Employed,House,68800,0,Excellent,82,5,2,3,Auto,17529,34981,29,Other
Good,72394,Employed,Investment,81537,41,Good,83,4,4,0,Other,95278,90588,27,Other
Excellent,94552,Employed,Investment,77728,91,Good,52,3,2,5,Auto,14847,98019,77,Other
Poor,49564,Self-Employed,Land,82309,69,Excellent,89,4,2,1,Student,41020,99331,83,Judgement
Poor,29628,Self-Employed,House,46254,10,Poor,73,4,3,2,Student,23300,50093,67,Tax Lien
Poor,73535,Self-Employed,None,18783,44,Fair,39,5,0,2,Auto,45394,59270,0,Bankruptcy
Fair,82102,Self-Employed,Car,83257,72,Fair,66,2,5,1,Mortgage,42608,61939,88,Tax Lien
Poor,80466,Employed,Car,78666,45,Fair,11,5,0,4,Auto,71742,31904,91,Bankruptcy
Excellent,66869,Employed,Land,53097,97,Poor,90,0,0,0,Mortgage,3309,36852,8,Tax Lien
Fair,79518,Unemployed,Other,32981,100,Fair,86,3,0,3,Student,93602,54596,69,Other
Excellent,18331,Unemployed,House,93754,93,Poor,78,0,4,0,Other,43231,11466,6,Bankruptcy
Fair,30554,Unemployed,Other,47053,65,Fair,1,3,2,3,Other,1995,81210,22,Other
Poor,33393,Employed,None,67273,27,Good,42,2,3,3,Mortgage,17736,46795,73,Collection
Poor,58608,Self-Employed,Land,30790,61,Good,4,1,4,2,Other,68602,17115,51,Tax Lien
Excellent,89491,Employed,Other,29573,83,Fair,18,3,3,2,Mortgage,97398,72695,34,Judgement
Excellent,94419,Unemployed,House,96049,60,Good,34,5,3,3,Student,79651,76134,25,Other
Excellent,93685,Self-Employed,Other,38789,50,Excellent,63,0,4,3,Other,37888,83671,77,Tax Lien
Good,56390,Self-Employed,House,30289,36,Good,28,0,0,1,Personal,16650,57503,93,Collection
Good,99326,Self-Employed,House,47629,27,Poor,10,4,3,3,Student,85187,83913,68,Other
Excellent,39316,Employed,None,66243,37,Fair,90,3,4,2,Auto,94299,15577,5,Judgement
Excellent,77887,Unemployed,Other,40037,96,Poor,80,2,0,4,Mortgage,124,35822,6,None
Poor,35773,Self-Employed,Car,15839,55,Good,14,3,0,2,Other,4381,28032,91,None
Excellent,30446,Self-Employed,Land,20129,59,Good,22,3,1,5,Other,16372,48658,90,Tax Lien
Poor,97778,Self-Employed,Other,24408,88,Good,13,3,4,1,Other,16022,38386,10,Tax Lien
Fair,44791,Employed,Car,57091,49,Fair,7,4,4,0,Personal,60153,39939,20,Tax Lien
Good,15189,Self-Employed,House,10650,35,Fair,80,1,5,1,Student,39783,607,47,Other
Excellent,26279,Self-Employed,Car,80344,68,Fair,56,2,5,3,Auto,84823,64580,92,Other
Good,71110,Employed,None,13390,75,Excellent,68,5,3,3,Other,27560,12249,75,Other
Good,73160,Employed,House,83858,31,Good,58,0,2,3,Auto,47378,16390,98,Other
Excellent,50478,Self-Employed,Land,31691,56,Good,11,0,5,1,Mortgage,66500,77739,5,Other
Excellent,73367,Self-Employed,Investment,30660,50,Poor,40,3,1,2,Other,88197,51196,100,None
Good,34651,Unemployed,Car,92289,18,Fair,28,3,0,5,Auto,72696,36959,63,Other
Poor,59130,Employed,Land,79754,88,Poor,19,2,4,4,Other,92166,3188,96,Collection
Poor,68202,Self-Employed,None,26405,97,Excellent,60,3,5,3,Personal,1699,30963,68,Collection
Good,91875,Self-Employed,Car,76390,60,Fair,68,2,0,4,Other,39510,5698,49,Collection
Excellent,38391,Unemployed,Investment,79146,82,Excellent,52,5,1,1,Personal,68904,52686,25,Collection
Fair,22428,Unemployed,Other,11550,50,Fair,89,4,4,1,Mortgage,18547,53691,44,Bankruptcy
Poor,66404,Employed,House,65070,64,Excellent,70,0,2,1,Other,90438,92023,70,Tax Lien
Excellent,79108,Self-Employed,Other,71964,87,Good,54,5,5,2,Student,93604,71805,82,None
Fair,37206,Employed,Land,97905,11,Good,40,0,0,5,Mortgage,64306,53487,70,Other
Fair,28016,Unemployed,Other,97526,35,Excellent,73,4,1,0,Student,82938,89407,64,Collection
Fair,29831,Employed,Investment,85244,56,Poor,94,4,1,1,Personal,30090,94411,91,Bankruptcy
Fair,50462,Self-Employed,None,29906,51,Poor,32,3,4,5,Auto,89362,85993,39,Bankruptcy
Excellent,59946,Employed,House,92577,13,Good,96,2,3,3,Other,27394,96420,83,Other
Good,17994,Employed,Other,54997,4,Excellent,21,2,5,2,Auto,77215,48716,91,Tax Lien
Excellent,86460,Unemployed,Car,20813,84,Fair,13,3,1,3,Student,92696,98532,92,Judgement
Fair,52727,Unemployed,Other,28354,21,Poor,48,4,5,4,Mortgage,74853,3591,43,Judgement
Excellent,52628,Employed,Investment,80290,93,Good,80,0,3,2,Mortgage,87383,67279,5,Bankruptcy
Good,48431,Self-Employed,House,78168,83,Poor,79,3,0,1,Student,29277,16084,42,Tax Lien
Fair,81914,Self-Employed,Investment,85796,89,Excellent,70,3,1,0,Student,36830,42972,85,None
Good,32369,Self-Employed,Investment,89167,46,Good,70,0,0,1,Personal,78449,76074,17,Judgement
Good,50840,Unemployed,Car,51132,57,Fair,32,5,2,0,Student,43933,24705,26,Bankruptcy
Fair,89508,Employed,Other,12360,38,Fair,29,5,0,5,Student,94981,28368,15,Collection
Excellent,89881,Unemployed,Car,88805,29,Fair,70,5,5,5,Personal,2266,31370,21,Collection
Fair,69788,Employed,Land,67719,17,Poor,18,0,2,1,Mortgage,1960,35274,40,Collection
Fair,39812,Employed,Car,76194,26,Poor,9,5,3,4,Other,98579,70319,70,Collection
Fair,91674,Unemployed,Car,48746,23,Poor,91,4,2,3,Personal,37894,91440,30,None
Fair,95625,Self-Employed,Land,29216,10,Good,68,3,5,5,Other,36363,45563,11,Judgement
Excellent,65768,Self-Employed,Land,21083,100,Good,12,1,5,4,Mortgage,54350,96029,81,Other
Good,61346,Unemployed,Investment,94140,57,Excellent,63,1,1,0,Student,66730,24436,75,Judgement
Excellent,96746,Unemployed,Investment,86870,32,Fair,82,2,2,1,Personal,79814,4139,65,Collection
Excellent,51092,Employed,Investment,14718,43,Good,21,0,3,0,Personal,30875,79121,15,Collection
Poor,93910,Self-Employed,House,77084,42,Good,74,1,3,2,Student,25790,48208,30,Bankruptcy
Excellent,94963,Employed,Investment,54173,13,Fair,5,5,5,1,Auto,32875,36818,6,Tax Lien
Good,67585,Unemployed,None,52189,45,Excellent,62,2,5,0,Auto,17921,23050,52,Other
Poor,98438,Unemployed,Other,96145,38,Fair,74,4,0,2,Personal,28965,3800,95,Bankruptcy
Poor,17362,Unemployed,Other,34283,7,Excellent,43,2,5,5,Other,39758,14553,79,Tax Lien
Excellent,34033,Self-Employed,Land,57072,28,Poor,87,2,5,1,Other,39438,22843,83,Collection
Excellent,86003,Unemployed,House,74753,11,Good,77,0,5,1,Auto,81765,31851,88,Tax Lien
Excellent,63764,Employed,House,43608,75,Excellent,60,0,0,2,Other,77250,49249,27,Judgement
Fair,76864,Unemployed,Land,19068,0,Fair,71,0,3,5,Auto,54908,71059,44,Judgement
Fair,31864,Unemployed,Investment,81406,96,Good,1,2,1,5,Mortgage,40294,93894,95,Bankruptcy
Excellent,85824,Employed,Car,32400,80,Good,15,5,0,3,Student,49341,70411,36,Collection
Excellent,62435,Unemployed,Land,32436,63,Good,89,5,4,1,Personal,47924,42731,74,Judgement
Good,43589,Unemployed,Other,71735,34,Fair,70,0,3,0,Auto,28267,79736,78,Other
Poor,68246,Self-Employed,Investment,22548,87,Fair,79,5,1,0,Personal,87409,66295,8,Bankruptcy
Excellent,38029,Self-Employed,Other,95527,93,Good,61,4,5,5,Auto,36357,40579,11,Tax Lien
Fair,51336,Unemployed,None,96641,39,Poor,10,5,3,2,Personal,89721,16350,89,Judgement
Good,20656,Employed,None,89278,43,Excellent,39,2,1,5,Other,36558,95338,4,Collection
Fair,53348,Self-Employed,Car,49216,66,Excellent,51,5,3,3,Other,48742,77324,64,Tax Lien
Fair,70961,Employed,Other,34752,29,Good,85,3,2,1,Student,69050,78886,94,Judgement
Poor,35408,Unemployed,None,70085,51,Poor,32,0,4,3,Personal,79495,21522,52,Collection
Good,69868,Self-Employed,Car,49314,53,Excellent,78,5,1,1,Student,42977,30929,9,Tax Lien
Excellent,90212,Self-Employed,None,50580,44,Fair,7,5,3,2,Other,24299,18875,35,Collection
Good,29015,Self-Employed,Investment,51384,59,Fair,51,0,4,3,Mortgage,5414,34074,40,None
Poor,46016,Self-Employed,Land,39439,30,Poor,94,2,2,3,Auto,2169,8817,67,Bankruptcy
Fair,63525,Self-Employed,Other,79948,97,Fair,93,3,4,2,Personal,73903,34330,30,Judgement
Poor,19647,Employed,Other,27918,26,Good,79,0,5,0,Other,50116,89195,72,Bankruptcy
Poor,77029,Unemployed,Investment,49021,68,Fair,12,1,0,0,Mortgage,36638,55611,10,Other
Excellent,77216,Unemployed,Other,20552,60,Fair,6,3,2,5,Other,71180,81208,71,Collection
Good,79754,Employed,House,93970,25,Good,53,2,1,2,Student,24164,33884,66,Collection
Good,19951,Self-Employed,Land,28934,27,Fair,29,1,0,0,Other,98677,41928,82,Bankruptcy
Poor,29733,Self-Employed,Other,20952,24,Excellent,60,5,1,2,Other,9904,92007,96,Other
Poor,23364,Employed,Investment,61434,20,Poor,81,5,3,4,Mortgage,48965,96031,19,Judgement
Excellent,91343,Unemployed,None,54739,44,Good,6,2,4,4,Personal,59197,42235,53,Judgement
Good,42447,Unemployed,Other,21639,15,Fair,8,0,5,4,Auto,31062,428,91,Collection
Fair,94544,Unemployed,Investment,26154,14,Fair,18,4,0,4,Student,10144,29879,47,None
Fair,59089,Self-Employed,Land,22929,59,Fair,44,4,5,4,Other,9660,20060,11,None
Excellent,77154,Self-Employed,House,94766,64,Good,80,3,1,5,Other,15637,39088,22,Judgement
Excellent,17411,Self-Employed,Investment,69795,60,Poor,89,1,2,3,Personal,76467,98470,94,Collection
Good,33374,Self-Employed,Investment,99306,35,Fair,55,2,0,3,Personal,98238,93100,92,Collection
Poor,30168,Employed,House,76656,86,Excellent,47,5,5,4,Other,95745,9462,6,None
Excellent,17318,Unemployed,Car,84706,60,Fair,2,3,0,3,Auto,92815,9734,57,Tax Lien
Fair,63511,Employed,House,86768,84,Good,62,0,3,0,Other,84247,52834,65,Tax Lien
Excellent,15892,Self-Employed,Car,58010,26,Excellent,50,2,2,5,Personal,63540,63074,51,None
Poor,90454,Employed,Car,82553,26,Fair,98,5,2,5,Mortgage,61435,3585,32,Judgement
Good,19663,Unemployed,Investment,98956,47,Poor,53,0,4,4,Auto,59408,78174,4,Tax Lien
Poor,52994,Unemployed,Other,37363,3,Good,93,0,1,4,Other,47128,17816,74,None
Excellent,97676,Employed,House,54585,9,Fair,12,2,3,2,Personal,33279,14334,86,Bankruptcy
Good,74733,Unemployed,Car,75648,95,Good,36,3,3,1,Mortgage,39815,70730,51,Bankruptcy
Poor,90184,Self-Employed,Investment,49083,82,Poor,90,5,0,0,Auto,45717,80379,4,Bankruptcy
Excellent,38997,Employed,Car,83039,47,Good,65,5,5,4,Auto,99959,90395,53,Collection
Good,33963,Employed,Land,78370,17,Good,92,5,5,3,Student,55916,94110,17,Collection
Fair,70417,Unemployed,None,38520,92,Good,28,5,5,0,Mortgage,87986,11605,94,Bankruptcy
Poor,40012,Employed,Land,23296,11,Good,80,5,1,0,Personal,41287,62918,45,Collection
Fair,93715,Self-Employed,Car,33059,21,Fair,36,1,1,1,Auto,77333,30071,89,None
Good,15430,Self-Employed,Investment,52921,86,Excellent,44,0,2,1,Personal,72397,1385,1,Bankruptcy
Fair,69373,Self-Employed,Car,26923,57,Good,5,0,4,0,Auto,8245,50624,55,Tax Lien
Good,92224,Employed,None,31079,61,Poor,22,2,1,0,Personal,36350,52549,74,None
Excellent,73229,Self-Employed,Investment,69073,51,Excellent,96,0,3,5,Mortgage,77886,95081,43,Bankruptcy
Good,72110,Self-Employed,House,60672,61,Poor,59,3,4,5,Personal,92424,43834,86,Collection
Good,21493,Unemployed,Car,21403,61,Fair,63,4,3,4,Other,25704,12830,34,Judgement
Excellent,77307,Employed,Other,97110,21,Excellent,78,1,2,1,Mortgage,19307,29724,62,Bankruptcy
Good,17732,Employed,Car,28005,86,Excellent,82,5,3,4,Other,56387,26538,41,None
Poor,51467,Employed,None,57127,20,Poor,58,0,0,0,Auto,64475,79627,66,None
Excellent,61379,Self-Employed,Investment,58423,46,Excellent,20,4,5,1,Personal,25143,58860,0,Bankruptcy
Good,14678,Self-Employed,House,13688,85,Poor,46,5,0,5,Mortgage,48188,94620,54,Bankruptcy
Excellent,24672,Unemployed,Investment,79752,40,Poor,4,3,2,0,Mortgage,33625,9184,26,Judgement
Poor,81825,Employed,Car,19570,99,Good,94,3,3,2,Personal,93003,22911,60,None
Excellent,65870,Employed,Car,24291,63,Poor,14,5,4,3,Personal,14504,54972,22,None
Fair,36844,Employed,House,37899,2,Good,37,5,4,4,Personal,9280,83080,95,Other
Good,50212,Self-Employed,None,85701,51,Excellent,25,0,5,4,Other,35775,96357,18,Other
Fair,61094,Employed,Land,65640,35,Poor,64,0,5,3,Student,14278,38213,91,Bankruptcy
Good,61707,Employed,None,63857,34,Poor,0,1,2,0,Auto,49032,42999,33,Other
Poor,51666,Employed,None,10373,89,Poor,69,3,1,4,Personal,77251,44778,43,Tax Lien
Good,58380,Employed,Investment,30880,53,Poor,70,5,3,0,Mortgage,83189,91317,100,Tax Lien
Poor,31922,Unemployed,None,36157,37,Good,53,3,5,5,Student,90360,47858,67,Collection
Poor,31871,Self-Employed,Land,99432,13,Fair,74,2,2,5,Other,769,2299,3,Collection
Good,81368,Unemployed,Car,64020,13,Excellent,55,5,3,1,Auto,89721,13473,54,Judgement
Poor,29757,Unemployed,House,38040,22,Fair,2,1,0,3,Personal,71918,40587,13,Bankruptcy
Poor,43000,Unemployed,Investment,36620,57,Excellent,25,2,1,0,Other,48195,10066,68,Bankruptcy
Poor,95815,Employed,None,31645,62,Fair,10,4,2,5,Mortgage,16633,97680,21,Tax Lien
Poor,57745,Employed,None,37409,47,Good,30,3,2,5,Other,98166,82474,42,None
Good,98927,Self-Employed,Other,78623,44,Good,25,4,0,0,Personal,39588,6894,8,Other
Poor,27566,Self-Employed,Land,46407,33,Excellent,81,5,1,0,Student,44485,5580,16,Judgement
Fair,83079,Self-Employed,Investment,70256,71,Fair,0,5,3,2,Mortgage,55044,39644,95,Other
Poor,61420,Self-Employed,House,25991,44,Poor,56,2,2,3,Mortgage,51861,9827,41,Other
Poor,34841,Unemployed,Other,98230,97,Fair,13,1,1,0,Auto,95143,72130,58,Judgement
Excellent,12884,Self-Employed,None,16102,87,Good,57,0,2,0,Auto,90806,90812,46,Tax Lien
Poor,43469,Unemployed,Car,81984,9,Excellent,12,4,3,1,Personal,94006,68511,1,Collection
Excellent,15572,Unemployed,Land,68773,2,Poor,54,3,1,3,Student,3545,95384,24,Tax Lien
Fair,96829,Employed,Other,94792,6,Excellent,22,5,1,4,Other,86163,44320,75,Judgement
Fair,73207,Self-Employed,Other,43448,68,Excellent,52,3,3,2,Other,48103,78914,44,Tax Lien
Good,26594,Self-Employed,Car,85615,88,Poor,28,3,5,4,Other,20324,45753,83,Judgement
Excellent,50528,Self-Employed,House,22140,46,Excellent,85,2,2,5,Mortgage,217,33611,84,None
Poor,49704,Employed,Investment,95847,38,Excellent,35,1,3,0,Mortgage,967,18208,69,Bankruptcy
Good,45346,Self-Employed,Investment,47086,27,Fair,16,0,5,4,Auto,56527,36451,44,Collection
Excellent,18952,Unemployed,Land,92477,62,Poor,50,3,3,2,Other,43365,78961,47,None
Poor,29936,Self-Employed,Investment,68972,16,Fair,33,2,4,4,Other,36731,22594,18,Judgement
Good,39570,Self-Employed,Land,90529,24,Poor,60,1,2,0,Mortgage,90936,94046,88,None
Good,25684,Self-Employed,Other,51784,41,Fair,93,5,2,0,Auto,75308,66060,74,Collection
Good,85430,Self-Employed,None,22991,86,Poor,89,1,1,3,Auto,76752,51289,8,Bankruptcy
Poor,73557,Unemployed,House,45454,27,Poor,19,4,3,2,Student,28431,18709,88,Judgement
Good,88717,Employed,House,84834,6,Good,19,5,0,3,Student,1078,24533,25,Tax Lien
Fair,39581,Employed,Car,22435,66,Poor,85,3,5,0,Other,16701,75227,75,Other
Poor,63551,Self-Employed,House,81848,8,Excellent,68,0,2,3,Auto,59043,93390,64,Judgement
Good,55241,Self-Employed,Other,63261,79,Fair,67,5,0,4,Student,85982,26695,5,None
Excellent,88810,Self-Employed,Land,19682,46,Poor,92,2,2,5,Auto,40587,95240,34,Tax Lien
Poor,56961,Self-Employed,House,61650,99,Excellent,35,3,2,0,Auto,80954,64381,88,Tax Lien
Excellent,79185,Self-Employed,House,67678,31,Good,86,5,1,1,Other,6476,45785,10,None
Fair,43132,Unemployed,Land,10220,33,Excellent,55,0,3,5,Student,31331,38386,94,Tax Lien
Good,65579,Employed,Investment,71174,60,Excellent,1,5,1,4,Student,87289,66222,57,Judgement
Poor,51093,Self-Employed,House,43070,76,Excellent,43,0,1,4,Other,95538,7237,90,Judgement
Fair,50211,Employed,Car,93973,98,Good,5,2,3,0,Personal,35410,18474,75,Judgement
Poor,93469,Unemployed,Other,25335,8,Excellent,44,2,4,3,Auto,98741,78527,1,Judgement
Excellent,26888,Employed,None,90507,25,Good,27,0,3,5,Student,57754,73681,60,Other
Good,22718,Unemployed,House,11895,0,Fair,78,3,1,5,Mortgage,69411,35827,10,Judgement
Poor,80563,Employed,Land,28444,40,Good,61,0,1,2,Other,83764,85287,79,Bankruptcy
Excellent,56602,Unemployed,Car,15533,26,Fair,57,5,5,0,Other,69190,67338,19,Judgement
Good,20542,Employed,Car,89969,64,Good,27,0,5,5,Auto,53342,71189,82,Other
Fair,17020,Unemployed,None,23515,92,Fair,98,1,4,1,Other,91132,10281,42,Judgement
Good,77860,Self-Employed,Land,82524,82,Fair,55,2,0,3,Other,67091,37422,86,None
Fair,14647,Employed,Land,23953,57,Fair,27,2,4,2,Student,74343,72303,75,None
Fair,51337,Employed,None,39363,34,Excellent,81,5,0,3,Student,98790,21031,31,Collection
Poor,92813,Unemployed,Car,62482,19,Poor,58,1,4,1,Mortgage,97522,85284,15,Collection
Fair,16118,Unemployed,Land,57249,71,Excellent,23,2,3,4,Mortgage,38142,25517,49,Bankruptcy
Good,37303,Self-Employed,None,14689,7,Excellent,90,5,1,2,Student,15526,92298,14,Collection
Good,39931,Self-Employed,House,18350,78,Fair,4,5,5,0,Personal,18438,33223,80,Judgement
Excellent,72985,Unemployed,None,16948,78,Good,61,2,5,1,Mortgage,50007,69290,50,Tax Lien
Poor,24957,Self-Employed,Car,28758,71,Fair,44,3,2,3,Student,97590,29094,53,Bankruptcy
Poor,51074,Unemployed,Other,15876,16,Excellent,40,4,0,0,Other,44656,7114,46,Other
Good,32259,Employed,Car,85781,5,Excellent,37,2,0,0,Mortgage,45260,77015,92,Collection
Poor,54589,Employed,Car,35425,64,Good,72,0,5,4,Other,631,50158,87,Bankruptcy
Good,18699,Self-Employed,Investment,73292,75,Excellent,33,0,4,2,Mortgage,53790,73964,39,Tax Lien
Excellent,76776,Self-Employed,Other,17774,7,Poor,65,2,5,0,Student,31202,73977,33,Tax Lien
Fair,42271,Unemployed,None,51276,99,Poor,40,4,3,3,Mortgage,45315,75936,67,Bankruptcy
Poor,49569,Unemployed,Land,18207,77,Excellent,89,5,3,2,Other,90103,24140,78,Bankruptcy
Good,41307,Unemployed,Land,98776,10,Poor,53,3,1,4,Other,95144,38899,26,Other
Good,22600,Self-Employed,Land,87882,51,Fair,79,4,0,2,Auto,61345,66409,80,Judgement
Poor,84584,Unemployed,Land,45625,27,Excellent,91,1,0,0,Other,25415,52879,41,Other
Excellent,49771,Unemployed,Investment,28905,66,Poor,49,2,0,1,Auto,37258,26438,57,None
Good,67847,Employed,Car,51518,8,Excellent,60,3,0,2,Student,84206,38312,57,Bankruptcy
Fair,61576,Employed,House,66925,83,Excellent,49,1,2,5,Mortgage,83655,64113,72,None
Excellent,29279,Self-Employed,Other,15375,84,Poor,88,0,0,0,Mortgage,70134,63816,0,None
Good,71314,Self-Employed,Land,47981,45,Poor,86,1,2,0,Mortgage,43969,31310,85,None
Fair,96899,Employed,Car,57751,74,Good,28,3,5,4,Other,2558,64210,88,None
Excellent,63448,Unemployed,Car,82769,45,Excellent,11,5,5,1,Personal,49026,50574,22,Judgement
Good,56763,Unemployed,Other,93853,46,Poor,85,1,4,4,Personal,35033,2271,97,Tax Lien
Good,82395,Employed,None,10465,28,Excellent,14,4,0,5,Student,79534,6938,73,Bankruptcy
Poor,88554,Self-Employed,Investment,89629,3,Excellent,57,1,4,2,Auto,92764,7290,0,Judgement
Poor,45714,Self-Employed,House,28738,82,Fair,68,4,0,0,Auto,38530,58867,27,Tax Lien
Good,53439,Employed,None,17728,59,Poor,5,0,3,4,Student,62079,4229,18,Collection
Fair,64685,Self-Employed,Land,73378,44,Poor,17,4,2,3,Other,92733,81126,16,Other
Fair,25461,Self-Employed,Car,39704,56,Poor,33,1,0,4,Student,72306,96408,93,Other
Fair,26092,Self-Employed,Car,33377,0,Fair,4,1,4,4,Other,13076,52944,56,Bankruptcy
Poor,24150,Employed,Other,91146,7,Fair,93,5,0,1,Mortgage,65909,69715,31,Collection
Fair,80731,Self-Employed,Investment,24989,18,Excellent,30,0,5,3,Personal,30801,17012,17,Other
Good,35287,Self-Employed,Other,24916,73,Fair,53,4,3,3,Auto,30376,40326,7,Bankruptcy
Fair,97154,Unemployed,None,46731,78,Excellent,78,2,4,4,Mortgage,23481,57761,40,Other
Fair,96430,Unemployed,Land,73454,3,Poor,90,0,0,1,Auto,26427,97916,53,Other
Fair,18874,Unemployed,Other,21236,14,Good,30,2,3,5,Auto,57107,92338,9,Collection
Excellent,55559,Unemployed,Investment,44806,56,Excellent,56,1,3,4,Auto,38036,67746,16,Other
Excellent,29224,Employed,House,99439,82,Fair,29,2,5,0,Mortgage,40400,87125,22,Tax Lien
Fair,45067,Self-Employed,None,27473,79,Excellent,79,4,3,5,Personal,30852,69879,65,None
Fair,88209,Employed,House,28337,69,Excellent,5,2,2,4,Personal,42560,47421,66,Tax Lien
Poor,96500,Employed,Car,10015,11,Fair,29,1,3,0,Auto,82140,5962,34,Tax Lien
Good,97775,Self-Employed,Car,92995,70,Poor,13,3,5,2,Other,15945,13258,7,Collection
Good,41377,Employed,Other,34321,6,Excellent,9,4,5,5,Other,95303,16655,98,None
Poor,43772,Self-Employed,Land,53344,93,Excellent,30,5,3,0,Auto,24245,34828,10,Tax Lien
Fair,15806,Employed,None,50211,48,Good,48,3,2,0,Mortgage,84543,26628,100,None
Excellent,93277,Self-Employed,Car,40052,12,Fair,15,3,0,1,Auto,99326,61481,72,Judgement
Excellent,96070,Self-Employed,Other,90132,60,Poor,67,3,4,0,Auto,40209,83059,40,Tax Lien
Excellent,31802,Employed,None,29744,52,Excellent,6,1,2,5,Auto,66767,31705,21,Other
Poor,79308,Self-Employed,Other,61533,46,Good,85,4,2,2,Auto,42256,25929,49,Other
Good,80304,Unemployed,Land,35972,22,Poor,80,4,1,3,Personal,61368,51889,75,Tax Lien
Poor,26899,Employed,Car,56202,91,Good,33,2,4,2,Mortgage,46007,5291,24,Collection
Excellent,39568,Employed,Investment,72149,7,Fair,46,1,1,5,Personal,88080,79659,47,Tax Lien
Excellent,42095,Unemployed,Other,14479,16,Good,94,4,2,4,Mortgage,3401,54517,15,Judgement
Fair,85360,Employed,Car,90642,70,Good,92,3,1,2,Personal,61112,59241,53,Judgement
Excellent,20650,Employed,None,47211,24,Good,45,3,5,0,Personal,93983,68178,2,Judgement
Good,44957,Unemployed,Car,99196,5,Good,87,3,0,0,Student,2640,58132,3,Collection
Good,41706,Self-Employed,Car,94475,36,Fair,41,1,5,3,Student,78553,73433,72,Tax Lien
Excellent,28453,Unemployed,Land,74090,58,Fair,25,3,5,2,Student,96470,37953,32,None
Poor,56789,Unemployed,Land,98349,6,Excellent,35,2,1,2,Student,39916,61985,75,Collection
Good,19775,Unemployed,House,28362,93,Good,42,4,0,3,Other,95889,46980,6,Tax Lien
Good,68979,Self-Employed,Other,21815,73,Poor,84,1,1,1,Personal,75585,98639,1,Other
Poor,23525,Self-Employed,Other,83028,76,Poor,60,0,5,4,Personal,86993,1295,46,Bankruptcy
Good,65442,Employed,Investment,47546,74,Good,36,2,2,1,Student,51160,19850,28,Bankruptcy
Excellent,31445,Self-Employed,Other,75973,65,Fair,24,4,1,1,Auto,59560,30,18,Collection
Fair,47936,Unemployed,None,90950,20,Good,63,4,3,2,Auto,87664,6543,29,Judgement
Fair,82929,Self-Employed,Other,75991,66,Poor,62,2,4,0,Student,1130,22183,93,None
Fair,81566,Self-Employed,House,77198,32,Poor,70,3,4,2,Other,63315,82454,82,Judgement
Excellent,25010,Self-Employed,Investment,54389,80,Excellent,89,3,2,5,Auto,84158,99556,59,Tax Lien
Fair,26918,Self-Employed,None,24076,60,Fair,28,2,4,3,Auto,84227,66586,7,None
Excellent,71126,Employed,Car,33948,34,Poor,44,2,2,5,Student,70071,84930,27,Bankruptcy
Good,91048,Employed,Land,73116,34,Excellent,13,1,0,4,Student,77361,79727,92,Collection
Fair,56411,Self-Employed,Car,52420,28,Fair,51,0,5,3,Student,64752,29230,19,None
Poor,67249,Unemployed,Land,98040,38,Good,100,0,2,0,Auto,87796,6975,91,Collection
Poor,49452,Employed,Car,30188,26,Poor,69,3,3,1,Personal,13160,57685,66,Collection
Fair,18899,Unemployed,Car,11858,44,Good,11,0,3,3,Auto,83345,90490,29,Judgement
Good,42576,Self-Employed,House,44969,72,Fair,78,0,1,2,Personal,31155,76570,67,Other
Excellent,32398,Unemployed,House,45165,23,Excellent,69,4,4,2,Student,84827,52371,73,Collection
Fair,38928,Self-Employed,Land,45604,45,Poor,2,4,4,0,Personal,95764,97880,11,Judgement
Excellent,57587,Unemployed,Investment,48415,17,Excellent,1,0,1,0,Other,69938,49529,78,Collection
Excellent,85080,Employed,Land,17407,98,Good,32,3,5,0,Auto,12863,7437,13,Collection
Excellent,70328,Unemployed,Other,96787,82,Fair,94,5,3,5,Other,91446,74011,39,None
Good,95024,Self-Employed,None,92495,57,Excellent,60,1,1,4,Auto,22808,74952,60,Bankruptcy
Excellent,40826,Unemployed,Car,19111,86,Good,57,2,3,3,Other,16958,85928,65,Other
Good,91079,Self-Employed,None,78589,55,Good,20,4,3,4,Student,86767,7589,69,Tax Lien
Good,73514,Employed,Land,84771,59,Good,68,1,2,5,Other,76705,26578,42,Bankruptcy
Excellent,42462,Self-Employed,House,48405,71,Good,25,4,1,3,Student,20055,76082,23,Bankruptcy
Excellent,80007,Employed,None,37069,32,Good,60,5,2,1,Other,89101,50133,34,Tax Lien
Fair,92341,Self-Employed,Investment,38472,71,Poor,77,2,0,5,Student,70856,69791,84,None
Fair,65770,Employed,Investment,51772,59,Good,33,5,0,1,Auto,4591,26798,62,Collection
Good,21034,Unemployed,Other,47020,12,Excellent,79,1,3,0,Student,6021,63578,65,Tax Lien
Poor,71915,Employed,None,25957,93,Good,72,5,0,4,Student,88197,65104,1,Judgement
Excellent,41615,Self-Employed,Car,95413,100,Fair,98,3,0,5,Other,19124,21419,53,Judgement
Poor,89387,Self-Employed,Land,67848,76,Fair,63,3,3,2,Other,24787,56872,70,Collection
Good,31443,Unemployed,Land,61851,17,Good,52,2,5,2,Mortgage,83606,7485,60,None
Fair,29002,Unemployed,Land,69139,39,Poor,92,4,4,3,Student,90286,31976,11,Collection
Fair,61158,Employed,Other,11455,82,Poor,71,5,4,1,Auto,26398,74221,47,Judgement
Poor,28140,Unemployed,Land,79777,97,Fair,60,5,2,2,Student,41545,37118,35,Other
Poor,28214,Unemployed,Other,85486,29,Poor,97,1,4,4,Other,81945,91201,1,Judgement
Excellent,44518,Self-Employed,Land,80798,8,Poor,6,1,4,4,Mortgage,73449,81309,96,Judgement
Good,70973,Self-Employed,Other,30516,19,Good,64,5,5,1,Other,4092,95819,40,Other
Good,41184,Unemployed,Investment,99732,21,Fair,10,1,0,4,Auto,21364,66333,70,Tax Lien
Poor,99814,Employed,Investment,56640,7,Good,57,3,4,0,Personal,37874,61181,52,Other
Poor,30723,Unemployed,Car,78657,16,Good,78,3,0,5,Mortgage,43522,24989,38,Other
Poor,13598,Unemployed,Other,23247,90,Fair,38,4,1,0,Student,22915,95054,9,Judgement
Fair,12674,Unemployed,None,67937,39,Poor,68,1,0,4,Student,49847,44883,98,Tax Lien
Poor,85275,Unemployed,Investment,37858,16,Good,85,0,5,1,Other,61534,43421,27,Bankruptcy
Poor,72394,Unemployed,House,51665,42,Fair,80,3,2,5,Auto,12565,55443,11,Judgement
Poor,43638,Unemployed,None,18922,21,Fair,20,5,3,3,Mortgage,37163,49349,41,Tax Lien
Poor,87902,Employed,Other,75247,79,Fair,56,4,4,0,Mortgage,68284,91766,6,Judgement
Good,95682,Unemployed,None,19880,10,Good,57,1,4,1,Student,26574,90858,91,Tax Lien
Poor,68184,Employed,Investment,61838,56,Fair,77,1,1,4,Mortgage,63152,87453,10,None
Excellent,37613,Self-Employed,None,88040,9,Good,84,1,3,0,Mortgage,46228,4942,10,Bankruptcy
Poor,52820,Employed,None,62179,51,Fair,51,5,2,1,Student,95814,62668,58,Tax Lien
Excellent,11660,Employed,House,79680,42,Poor,77,5,5,5,Other,93986,46240,14,Judgement
Fair,63497,Self-Employed,Car,14826,91,Poor,51,2,1,1,Personal,37178,72620,15,Other
Excellent,12143,Unemployed,Car,84501,30,Poor,90,4,1,0,Other,6230,75430,18,Judgement
Fair,88990,Employed,Investment,77210,93,Poor,80,5,4,1,Student,26002,68154,65,Bankruptcy
Poor,90426,Employed,None,29330,2,Good,86,2,5,3,Other,37041,59776,32,None
Good,64835,Unemployed,None,74909,38,Good,86,5,2,1,Auto,72059,93400,36,Judgement
Good,84358,Unemployed,Investment,65541,32,Poor,65,4,5,2,Other,42344,1510,90,Other
Fair,99933,Unemployed,Land,39568,73,Excellent,24,4,5,4,Mortgage,95127,27201,58,Judgement
Fair,47518,Self-Employed,None,11220,16,Fair,98,5,5,1,Auto,67052,44414,95,Bankruptcy
Fair,64357,Unemployed,House,80627,49,Fair,40,2,2,0,Mortgage,70167,97953,18,None
Good,49603,Self-Employed,Other,43995,80,Poor,22,4,4,1,Student,85213,40571,83,Bankruptcy
Poor,44349,Unemployed,Other,79450,75,Good,97,1,1,0,Student,21603,31783,9,Other
Poor,47511,Self-Employed,Car,99637,44,Good,65,0,3,5,Auto,31396,51565,45,None
Excellent,49301,Self-Employed,Land,20124,49,Excellent,13,2,5,5,Auto,53153,71094,78,Judgement
Good,95582,Self-Employed,House,81736,59,Poor,34,0,4,2,Personal,67001,38001,92,None
Excellent,46067,Unemployed,House,99652,40,Poor,36,1,4,0,Personal,91208,55231,88,Bankruptcy
Good,98084,Self-Employed,House,10844,35,Good,92,3,2,2,Personal,38953,45724,80,Other
Fair,61808,Self-Employed,Other,64696,22,Good,92,4,4,0,Other,17806,72319,3,None
Good,31060,Self-Employed,Car,39140,39,Poor,19,1,4,2,Other,80144,10900,17,Judgement
Fair,40508,Self-Employed,Other,58997,9,Good,90,4,2,2,Other,32950,48671,64,Collection
Fair,55894,Unemployed,Car,14922,38,Excellent,7,4,0,1,Personal,73937,37731,5,Judgement
Excellent,11808,Self-Employed,House,13933,87,Fair,87,5,1,1,Other,12873,35971,94,Bankruptcy
Good,19673,Employed,Other,85312,64,Poor,13,4,0,2,Mortgage,56273,18221,7,Tax Lien
Poor,64158,Unemployed,Other,77270,40,Poor,91,5,5,0,Student,41563,60570,54,Bankruptcy
Fair,98119,Self-Employed,Investment,21558,51,Poor,8,5,2,3,Auto,86744,42912,26,None
Poor,71699,Unemployed,Investment,97406,77,Poor,10,2,3,5,Auto,90753,69956,44,Tax Lien
Poor,72518,Self-Employed,Land,49759,94,Poor,27,0,2,1,Student,63138,57689,12,Bankruptcy
Good,90749,Self-Employed,None,42222,91,Poor,96,4,2,4,Mortgage,91303,38185,3,Bankruptcy
Good,91707,Unemployed,Land,61082,46,Fair,75,1,1,2,Mortgage,53356,18720,7,Judgement
Excellent,26607,Unemployed,House,67941,43,Good,1,5,2,4,Personal,64081,20799,5,None
Good,32413,Employed,Car,86399,15,Poor,70,2,2,3,Personal,51376,2378,21,None
Fair,93009,Employed,Investment,69049,91,Fair,80,2,5,4,Auto,61874,88023,17,None
Fair,76520,Self-Employed,Land,16835,19,Fair,9,0,2,4,Personal,49660,95864,81,Judgement
Poor,54296,Self-Employed,Car,18606,35,Poor,93,5,5,4,Student,36252,24357,0,Collection
Fair,12078,Unemployed,None,87377,85,Poor,91,1,0,4,Student,62142,77516,20,Bankruptcy
Poor,22983,Unemployed,House,17752,69,Good,86,5,4,4,Student,66880,32309,66,Other
Excellent,24676,Employed,Car,29979,82,Poor,26,3,4,3,Other,12398,64330,43,None
Poor,62300,Employed,Car,46952,16,Excellent,59,5,2,4,Student,33835,3460,68,Collection
Fair,42416,Self-Employed,None,23434,8,Excellent,90,2,5,4,Student,36259,44697,38,None
Excellent,50501,Self-Employed,Land,98893,73,Fair,90,4,3,2,Student,93819,62138,48,Collection
Excellent,54425,Unemployed,Land,20497,46,Excellent,31,2,2,0,Mortgage,78208,36101,87,Collection
Good,54716,Employed,Other,96446,16,Fair,39,1,4,4,Personal,54443,73663,71,Judgement
Poor,47451,Employed,House,49346,14,Fair,13,3,3,2,Personal,30469,83753,64,None
Good,24435,Unemployed,Other,17765,47,Fair,4,2,5,5,Personal,51290,47916,4,Judgement
Good,67139,Self-Employed,House,28325,47,Fair,3,4,4,5,Mortgage,78969,76105,28,Other
Poor,95482,Unemployed,Land,99454,75,Excellent,61,2,3,3,Auto,47672,27552,13,Collection
Good,86174,Employed,None,81459,69,Fair,96,4,2,1,Mortgage,39841,93796,80,Judgement
Fair,52681,Unemployed,Investment,50761,95,Good,87,4,4,0,Mortgage,8478,34132,6,Other
Excellent,32416,Self-Employed,Investment,89112,63,Excellent,28,0,5,4,Personal,15386,30888,28,Collection
Good,29710,Self-Employed,Car,20541,19,Poor,76,1,0,0,Student,70170,42965,91,Other
Good,80629,Self-Employed,None,52475,44,Fair,30,2,5,2,Mortgage,78839,48875,3,Tax Lien
Good,76050,Employed,House,38810,53,Fair,97,0,1,3,Other,93328,78733,81,Judgement
Fair,17036,Unemployed,None,45406,32,Good,36,3,2,1,Auto,59221,9403,42,Bankruptcy
Excellent,93948,Self-Employed,Land,93973,39,Excellent,28,5,3,0,Other,78613,79086,99,Judgement
Excellent,18716,Unemployed,None,73620,79,Fair,71,0,0,5,Auto,92038,29521,52,None
Fair,34955,Self-Employed,Other,69648,79,Fair,7,5,1,3,Auto,44665,70391,96,Other
Good,94837,Employed,Car,15194,49,Good,6,1,5,4,Mortgage,63334,16801,45,Bankruptcy
Excellent,81074,Self-Employed,Land,46822,70,Fair,35,2,0,0,Auto,43329,49058,66,None
Poor,75628,Self-Employed,Other,80786,54,Excellent,36,1,5,4,Student,2685,32756,49,None
Fair,37355,Unemployed,Investment,81845,92,Good,84,4,4,2,Auto,42644,31918,20,Judgement
Excellent,83031,Self-Employed,Other,26810,81,Poor,13,0,1,5,Personal,53224,5984,71,Collection
Poor,40554,Employed,House,53739,46,Poor,28,3,4,1,Mortgage,22035,31334,95,Other
Poor,60152,Unemployed,Land,96736,53,Poor,26,3,4,5,Other,35081,8334,38,Collection
Good,34853,Self-Employed,House,98861,92,Good,26,5,2,1,Other,28269,66933,59,Collection
Fair,53020,Unemployed,House,26223,6,Fair,15,0,3,1,Auto,38100,68917,7,Bankruptcy
Excellent,27893,Unemployed,Other,67506,21,Poor,91,4,3,5,Mortgage,17901,18542,75,Other
Fair,13361,Unemployed,Other,21365,59,Poor,83,2,2,1,Student,96470,35280,69,Collection
Fair,84494,Employed,Other,19670,82,Fair,28,4,2,0,Mortgage,57424,54313,39,Collection
Good,80085,Self-Employed,Land,13869,80,Poor,55,3,5,4,Student,36179,13218,26,Bankruptcy
Good,48920,Self-Employed,None,39534,88,Excellent,34,5,2,0,Personal,42316,2317,66,Collection
Excellent,37104,Unemployed,None,26134,2,Poor,57,0,5,2,Other,87129,73882,28,Collection
Good,76891,Employed,None,16316,33,Excellent,92,3,4,1,Other,44485,82768,36,Judgement
Good,57772,Unemployed,None,39156,67,Poor,17,5,4,3,Personal,17398,97071,27,Tax Lien
Excellent,83619,Unemployed,Investment,71931,25,Good,41,3,1,1,Other,18931,27763,30,Other
Poor,93306,Self-Employed,Car,37240,59,Poor,4,2,1,4,Other,23180,8633,27,Collection
Good,90289,Self-Employed,None,39246,35,Poor,88,1,1,1,Student,72499,98026,66,Collection
Excellent,74561,Employed,Investment,75385,20,Excellent,5,2,2,1,Auto,78397,26048,83,Other
Poor,64047,Self-Employed,None,21926,69,Poor,18,0,3,3,Auto,67241,6181,65,Judgement
Fair,85416,Employed,Car,83982,85,Poor,74,0,3,2,Personal,74958,37745,0,Collection
Poor,14965,Unemployed,House,13301,11,Good,74,2,2,0,Personal,74769,407,89,Bankruptcy
Fair,36119,Unemployed,Car,87562,68,Poor,95,5,2,2,Mortgage,82386,79970,34,Tax Lien
Fair,65149,Employed,None,27402,55,Poor,71,1,1,5,Student,12492,48662,13,Judgement
Poor,28315,Employed,House,33509,90,Poor,94,1,4,0,Other,9431,48580,90,Other
Poor,82109,Self-Employed,House,91424,87,Fair,15,5,1,1,Other,27587,73320,97,Judgement
Excellent,31100,Self-Employed,Other,83712,86,Poor,28,1,1,0,Student,62713,49700,70,Other
Excellent,18555,Unemployed,Investment,12950,86,Good,32,0,5,1,Student,1417,86123,77,Collection
Fair,20308,Unemployed,House,22200,27,Fair,3,5,0,2,Student,33390,59165,63,Bankruptcy
Poor,79480,Employed,None,43944,50,Fair,54,5,5,1,Personal,21072,9563,13,Other
Good,75572,Unemployed,Car,62407,61,Good,23,5,0,4,Mortgage,91305,48727,54,Collection
Poor,80782,Self-Employed,Other,37343,46,Fair,21,2,3,5,Other,70316,14290,76,Bankruptcy
Excellent,81432,Employed,Other,44674,19,Good,19,5,4,2,Student,92043,42127,46,Judgement
